2026-08-25 11:15:57 | INFO     | services.auth:register_user_service:36 | 新用户注册成功 user_id=1, username=test1
2026-08-25 11:16:02 | WARNING  | services.auth:register_user_service:26 | 注册失败，用户名已占用 username=test1
2026-08-25 11:16:12 | INFO     | services.auth:login_user_service:65 | 用户登录成功 user_id=1, username=test1
2026-08-25 11:16:12 | INFO     | services.diaries:list_my_diaries_service:57 | 用户[1] 查询自己日记列表 skip=0, limit=100, 数量=0
2026-08-25 11:16:17 | INFO     | services.goal:get_all_goal_svs:58 | 用户[1] 查询目标列表 skip=0, limit=100, 数量=0
2026-08-25 11:16:18 | WARNING  | services.user:get_my_profile_service:17 | 用户[1] 查询个人资料失败：尚未创建
2026-08-25 11:16:19 | INFO     | services.diaries:list_my_diaries_service:57 | 用户[1] 查询自己日记列表 skip=0, limit=100, 数量=0
2026-08-25 11:16:40 | INFO     | services.diaries:create_diary_service:29 | 用户[1] 创建日记成功, diary_id=1
2026-08-25 11:16:40 | INFO     | services.diaries:list_my_diaries_service:57 | 用户[1] 查询自己日记列表 skip=0, limit=100, 数量=1
2026-08-25 11:17:06 | INFO     | services.goal:get_all_goal_svs:58 | 用户[1] 查询目标列表 skip=0, limit=100, 数量=0
2026-08-25 11:17:09 | INFO     | services.diaries:list_my_diaries_service:57 | 用户[1] 查询自己日记列表 skip=0, limit=100, 数量=1
2026-08-25 11:17:13 | INFO     | services.diaries:delete_diary_service:102 | 用户[1] 删除日记成功 diary_id=1
2026-08-25 11:17:13 | INFO     | services.diaries:list_my_diaries_service:57 | 用户[1] 查询自己日记列表 skip=0, limit=100, 数量=0
2026-08-25 11:17:21 | INFO     | services.diaries:create_diary_service:29 | 用户[1] 创建日记成功, diary_id=2
2026-08-25 11:17:21 | INFO     | services.diaries:list_my_diaries_service:57 | 用户[1] 查询自己日记列表 skip=0, limit=100, 数量=1
2026-08-25 11:17:46 | INFO     | services.diaries:update_diary_service:83 | 用户[1] 修改日记成功 diary_id=2
2026-08-25 11:17:46 | INFO     | services.diaries:list_my_diaries_service:57 | 用户[1] 查询自己日记列表 skip=0, limit=100, 数量=1
2026-08-25 11:17:57 | INFO     | services.diaries:create_diary_service:29 | 用户[1] 创建日记成功, diary_id=3
2026-08-25 11:17:57 | INFO     | services.diaries:list_my_diaries_service:57 | 用户[1] 查询自己日记列表 skip=0, limit=100, 数量=2
2026-08-25 11:18:02 | INFO     | services.goal:get_all_goal_svs:58 | 用户[1] 查询目标列表 skip=0, limit=100, 数量=0
2026-08-25 11:18:50 | INFO     | services.goal:create_goal_services:30 | 用户[1] 创建目标成功 goal_id=1
2026-08-25 11:18:50 | INFO     | services.goal:get_all_goal_svs:58 | 用户[1] 查询目标列表 skip=0, limit=100, 数量=1
2026-08-25 11:19:29 | WARNING  | services.user:get_my_profile_service:17 | 用户[1] 查询个人资料失败：尚未创建
2026-08-25 11:19:57 | INFO     | services.user:create_my_profile_service:42 | 用户[1] 创建个人资料成功 profile_id=1
2026-08-25 11:19:57 | INFO     | services.user:get_my_profile_service:19 | 用户[1] 查询个人资料 profile_id=1
2026-08-25 11:20:05 | INFO     | services.user:update_my_profile_service:64 | 用户[1] 更新个人资料成功 profile_id=1
2026-08-25 11:20:05 | INFO     | services.user:get_my_profile_service:19 | 用户[1] 查询个人资料 profile_id=1
2026-08-25 11:20:10 | INFO     | services.diaries:list_my_diaries_service:57 | 用户[1] 查询自己日记列表 skip=0, limit=100, 数量=2
2026-08-25 11:24:33 | INFO     | services.diaries:list_my_diaries_service:57 | 用户[1] 查询自己日记列表 skip=0, limit=100, 数量=2
2026-08-25 11:24:35 | INFO     | services.diaries:list_my_diaries_service:57 | 用户[1] 查询自己日记列表 skip=0, limit=100, 数量=2
2026-08-25 11:24:45 | INFO     | services.diaries:list_my_diaries_service:57 | 用户[1] 查询自己日记列表 skip=0, limit=100, 数量=2
2026-08-25 11:24:47 | INFO     | services.diaries:list_my_diaries_service:57 | 用户[1] 查询自己日记列表 skip=0, limit=100, 数量=2
2026-08-25 11:25:05 | INFO     | services.diaries:list_my_diaries_service:57 | 用户[1] 查询自己日记列表 skip=0, limit=100, 数量=2
2026-08-25 11:25:05 | INFO     | services.diaries:list_my_diaries_service:57 | 用户[1] 查询自己日记列表 skip=0, limit=100, 数量=2
2026-08-25 11:25:06 | INFO     | services.diaries:list_my_diaries_service:57 | 用户[1] 查询自己日记列表 skip=0, limit=100, 数量=2
2026-08-25 11:25:06 | INFO     | services.diaries:list_my_diaries_service:57 | 用户[1] 查询自己日记列表 skip=0, limit=100, 数量=2
2026-08-25 11:25:06 | INFO     | services.diaries:list_my_diaries_service:57 | 用户[1] 查询自己日记列表 skip=0, limit=100, 数量=2
2026-08-25 11:25:07 | INFO     | services.diaries:list_my_diaries_service:57 | 用户[1] 查询自己日记列表 skip=0, limit=100, 数量=2
2026-08-25 11:25:07 | INFO     | services.diaries:list_my_diaries_service:57 | 用户[1] 查询自己日记列表 skip=0, limit=100, 数量=2
2026-08-25 11:25:08 | INFO     | services.diaries:list_my_diaries_service:57 | 用户[1] 查询自己日记列表 skip=0, limit=100, 数量=2
2026-08-25 11:25:08 | INFO     | services.diaries:list_my_diaries_service:57 | 用户[1] 查询自己日记列表 skip=0, limit=100, 数量=2
2026-08-25 11:25:08 | INFO     | services.diaries:list_my_diaries_service:57 | 用户[1] 查询自己日记列表 skip=0, limit=100, 数量=2
2026-08-25 11:25:09 | INFO     | services.diaries:list_my_diaries_service:57 | 用户[1] 查询自己日记列表 skip=0, limit=100, 数量=2
2026-08-25 11:25:09 | INFO     | services.diaries:list_my_diaries_service:57 | 用户[1] 查询自己日记列表 skip=0, limit=100, 数量=2
2026-08-25 11:25:10 | INFO     | services.diaries:list_my_diaries_service:57 | 用户[1] 查询自己日记列表 skip=0, limit=100, 数量=2
2026-08-25 11:25:10 | INFO     | services.diaries:list_my_diaries_service:57 | 用户[1] 查询自己日记列表 skip=0, limit=100, 数量=2
2026-08-25 11:25:10 | INFO     | services.diaries:list_my_diaries_service:57 | 用户[1] 查询自己日记列表 skip=0, limit=100, 数量=2
2026-08-25 11:25:11 | INFO     | services.diaries:list_my_diaries_service:57 | 用户[1] 查询自己日记列表 skip=0, limit=100, 数量=2
2026-08-25 11:25:11 | INFO     | services.diaries:list_my_diaries_service:57 | 用户[1] 查询自己日记列表 skip=0, limit=100, 数量=2
2026-08-25 11:25:12 | INFO     | services.diaries:list_my_diaries_service:57 | 用户[1] 查询自己日记列表 skip=0, limit=100, 数量=2
2026-08-25 11:25:12 | INFO     | services.diaries:list_my_diaries_service:57 | 用户[1] 查询自己日记列表 skip=0, limit=100, 数量=2
2026-08-25 11:25:13 | INFO     | services.diaries:list_my_diaries_service:57 | 用户[1] 查询自己日记列表 skip=0, limit=100, 数量=2
2026-08-25 11:25:13 | INFO     | services.diaries:list_my_diaries_service:57 | 用户[1] 查询自己日记列表 skip=0, limit=100, 数量=2
2026-08-25 11:25:13 | INFO     | services.diaries:list_my_diaries_service:57 | 用户[1] 查询自己日记列表 skip=0, limit=100, 数量=2
2026-08-25 11:25:14 | INFO     | services.diaries:list_my_diaries_service:57 | 用户[1] 查询自己日记列表 skip=0, limit=100, 数量=2
2026-08-25 11:25:14 | INFO     | services.diaries:list_my_diaries_service:57 | 用户[1] 查询自己日记列表 skip=0, limit=100, 数量=2
2026-08-25 11:25:14 | INFO     | services.diaries:list_my_diaries_service:57 | 用户[1] 查询自己日记列表 skip=0, limit=100, 数量=2
2026-08-25 11:25:15 | INFO     | services.diaries:list_my_diaries_service:57 | 用户[1] 查询自己日记列表 skip=0, limit=100, 数量=2
2026-08-25 11:25:15 | INFO     | services.diaries:list_my_diaries_service:57 | 用户[1] 查询自己日记列表 skip=0, limit=100, 数量=2
2026-08-25 11:25:16 | INFO     | services.diaries:list_my_diaries_service:57 | 用户[1] 查询自己日记列表 skip=0, limit=100, 数量=2
2026-08-25 11:25:16 | INFO     | services.diaries:list_my_diaries_service:57 | 用户[1] 查询自己日记列表 skip=0, limit=100, 数量=2
2026-08-25 11:25:16 | INFO     | services.diaries:list_my_diaries_service:57 | 用户[1] 查询自己日记列表 skip=0, limit=100, 数量=2
2026-08-25 11:25:17 | INFO     | services.diaries:list_my_diaries_service:57 | 用户[1] 查询自己日记列表 skip=0, limit=100, 数量=2
2026-08-25 11:25:17 | INFO     | services.diaries:list_my_diaries_service:57 | 用户[1] 查询自己日记列表 skip=0, limit=100, 数量=2
2026-08-25 11:25:18 | INFO     | services.diaries:list_my_diaries_service:57 | 用户[1] 查询自己日记列表 skip=0, limit=100, 数量=2
2026-08-25 11:25:18 | INFO     | services.diaries:list_my_diaries_service:57 | 用户[1] 查询自己日记列表 skip=0, limit=100, 数量=2
2026-08-25 11:25:18 | INFO     | services.diaries:list_my_diaries_service:57 | 用户[1] 查询自己日记列表 skip=0, limit=100, 数量=2
2026-08-25 11:25:19 | INFO     | services.diaries:list_my_diaries_service:57 | 用户[1] 查询自己日记列表 skip=0, limit=100, 数量=2
2026-08-25 11:25:19 | INFO     | services.diaries:list_my_diaries_service:57 | 用户[1] 查询自己日记列表 skip=0, limit=100, 数量=2
2026-08-25 11:25:20 | INFO     | services.diaries:list_my_diaries_service:57 | 用户[1] 查询自己日记列表 skip=0, limit=100, 数量=2
2026-08-25 11:25:20 | INFO     | services.diaries:list_my_diaries_service:57 | 用户[1] 查询自己日记列表 skip=0, limit=100, 数量=2
2026-08-25 11:25:20 | INFO     | services.diaries:list_my_diaries_service:57 | 用户[1] 查询自己日记列表 skip=0, limit=100, 数量=2
2026-08-25 11:25:21 | INFO     | services.diaries:list_my_diaries_service:57 | 用户[1] 查询自己日记列表 skip=0, limit=100, 数量=2
2026-08-25 11:25:21 | INFO     | services.diaries:list_my_diaries_service:57 | 用户[1] 查询自己日记列表 skip=0, limit=100, 数量=2
2026-08-25 11:25:22 | INFO     | services.diaries:list_my_diaries_service:57 | 用户[1] 查询自己日记列表 skip=0, limit=100, 数量=2
2026-08-25 11:25:22 | INFO     | services.diaries:list_my_diaries_service:57 | 用户[1] 查询自己日记列表 skip=0, limit=100, 数量=2
2026-08-25 11:25:23 | INFO     | services.diaries:list_my_diaries_service:57 | 用户[1] 查询自己日记列表 skip=0, limit=100, 数量=2
2026-08-25 11:25:23 | INFO     | services.diaries:list_my_diaries_service:57 | 用户[1] 查询自己日记列表 skip=0, limit=100, 数量=2
2026-08-25 11:25:23 | INFO     | services.diaries:list_my_diaries_service:57 | 用户[1] 查询自己日记列表 skip=0, limit=100, 数量=2
2026-08-25 11:25:24 | INFO     | services.diaries:list_my_diaries_service:57 | 用户[1] 查询自己日记列表 skip=0, limit=100, 数量=2
2026-08-25 11:25:24 | INFO     | services.diaries:list_my_diaries_service:57 | 用户[1] 查询自己日记列表 skip=0, limit=100, 数量=2
2026-08-25 11:25:25 | INFO     | services.diaries:list_my_diaries_service:57 | 用户[1] 查询自己日记列表 skip=0, limit=100, 数量=2
2026-08-25 11:25:25 | INFO     | services.diaries:list_my_diaries_service:57 | 用户[1] 查询自己日记列表 skip=0, limit=100, 数量=2
2026-08-25 11:25:25 | INFO     | services.diaries:list_my_diaries_service:57 | 用户[1] 查询自己日记列表 skip=0, limit=100, 数量=2
2026-08-25 11:25:26 | INFO     | services.diaries:list_my_diaries_service:57 | 用户[1] 查询自己日记列表 skip=0, limit=100, 数量=2
2026-08-25 11:25:26 | INFO     | services.diaries:list_my_diaries_service:57 | 用户[1] 查询自己日记列表 skip=0, limit=100, 数量=2
2026-08-25 11:25:27 | INFO     | services.diaries:list_my_diaries_service:57 | 用户[1] 查询自己日记列表 skip=0, limit=100, 数量=2
2026-08-25 11:25:27 | INFO     | services.diaries:list_my_diaries_service:57 | 用户[1] 查询自己日记列表 skip=0, limit=100, 数量=2
2026-08-25 11:25:27 | INFO     | services.diaries:list_my_diaries_service:57 | 用户[1] 查询自己日记列表 skip=0, limit=100, 数量=2
2026-08-25 11:25:28 | INFO     | services.diaries:list_my_diaries_service:57 | 用户[1] 查询自己日记列表 skip=0, limit=100, 数量=2
2026-08-25 11:25:28 | INFO     | services.diaries:list_my_diaries_service:57 | 用户[1] 查询自己日记列表 skip=0, limit=100, 数量=2
2026-08-25 11:25:29 | INFO     | services.diaries:list_my_diaries_service:57 | 用户[1] 查询自己日记列表 skip=0, limit=100, 数量=2
2026-08-25 11:25:29 | INFO     | services.diaries:list_my_diaries_service:57 | 用户[1] 查询自己日记列表 skip=0, limit=100, 数量=2
2026-08-25 11:25:29 | INFO     | services.diaries:list_my_diaries_service:57 | 用户[1] 查询自己日记列表 skip=0, limit=100, 数量=2
2026-08-25 11:25:30 | INFO     | services.diaries:list_my_diaries_service:57 | 用户[1] 查询自己日记列表 skip=0, limit=100, 数量=2
2026-08-25 11:25:30 | INFO     | services.diaries:list_my_diaries_service:57 | 用户[1] 查询自己日记列表 skip=0, limit=100, 数量=2
2026-08-25 11:25:31 | INFO     | services.diaries:list_my_diaries_service:57 | 用户[1] 查询自己日记列表 skip=0, limit=100, 数量=2
2026-08-25 11:25:31 | INFO     | services.diaries:list_my_diaries_service:57 | 用户[1] 查询自己日记列表 skip=0, limit=100, 数量=2
2026-08-25 11:25:31 | INFO     | services.diaries:list_my_diaries_service:57 | 用户[1] 查询自己日记列表 skip=0, limit=100, 数量=2
2026-08-25 11:25:32 | INFO     | services.diaries:list_my_diaries_service:57 | 用户[1] 查询自己日记列表 skip=0, limit=100, 数量=2
2026-08-25 11:25:32 | INFO     | services.diaries:list_my_diaries_service:57 | 用户[1] 查询自己日记列表 skip=0, limit=100, 数量=2
2026-08-25 11:25:33 | INFO     | services.diaries:list_my_diaries_service:57 | 用户[1] 查询自己日记列表 skip=0, limit=100, 数量=2
2026-08-25 11:25:33 | INFO     | services.diaries:list_my_diaries_service:57 | 用户[1] 查询自己日记列表 skip=0, limit=100, 数量=2
2026-08-25 11:25:33 | INFO     | services.diaries:list_my_diaries_service:57 | 用户[1] 查询自己日记列表 skip=0, limit=100, 数量=2
2026-08-25 11:25:34 | INFO     | services.diaries:list_my_diaries_service:57 | 用户[1] 查询自己日记列表 skip=0, limit=100, 数量=2
2026-08-25 11:25:34 | INFO     | services.diaries:list_my_diaries_service:57 | 用户[1] 查询自己日记列表 skip=0, limit=100, 数量=2
2026-08-25 11:25:35 | INFO     | services.diaries:list_my_diaries_service:57 | 用户[1] 查询自己日记列表 skip=0, limit=100, 数量=2
2026-08-25 11:25:35 | INFO     | services.diaries:list_my_diaries_service:57 | 用户[1] 查询自己日记列表 skip=0, limit=100, 数量=2
2026-08-25 11:25:35 | INFO     | services.diaries:list_my_diaries_service:57 | 用户[1] 查询自己日记列表 skip=0, limit=100, 数量=2
2026-08-25 11:25:36 | INFO     | services.diaries:list_my_diaries_service:57 | 用户[1] 查询自己日记列表 skip=0, limit=100, 数量=2
2026-08-25 11:25:36 | INFO     | services.diaries:list_my_diaries_service:57 | 用户[1] 查询自己日记列表 skip=0, limit=100, 数量=2
2026-08-25 11:25:37 | INFO     | services.diaries:list_my_diaries_service:57 | 用户[1] 查询自己日记列表 skip=0, limit=100, 数量=2
2026-08-25 11:25:37 | INFO     | services.diaries:list_my_diaries_service:57 | 用户[1] 查询自己日记列表 skip=0, limit=100, 数量=2
2026-08-25 11:25:37 | INFO     | services.diaries:list_my_diaries_service:57 | 用户[1] 查询自己日记列表 skip=0, limit=100, 数量=2
2026-08-25 11:25:38 | INFO     | services.diaries:list_my_diaries_service:57 | 用户[1] 查询自己日记列表 skip=0, limit=100, 数量=2
2026-08-25 11:25:38 | INFO     | services.diaries:list_my_diaries_service:57 | 用户[1] 查询自己日记列表 skip=0, limit=100, 数量=2
2026-08-25 11:25:39 | INFO     | services.diaries:list_my_diaries_service:57 | 用户[1] 查询自己日记列表 skip=0, limit=100, 数量=2
2026-08-25 11:25:39 | INFO     | services.diaries:list_my_diaries_service:57 | 用户[1] 查询自己日记列表 skip=0, limit=100, 数量=2
2026-08-25 11:25:39 | INFO     | services.diaries:list_my_diaries_service:57 | 用户[1] 查询自己日记列表 skip=0, limit=100, 数量=2
2026-08-25 11:25:40 | INFO     | services.diaries:list_my_diaries_service:57 | 用户[1] 查询自己日记列表 skip=0, limit=100, 数量=2
2026-08-25 11:25:40 | INFO     | services.diaries:list_my_diaries_service:57 | 用户[1] 查询自己日记列表 skip=0, limit=100, 数量=2
2026-08-25 11:25:41 | INFO     | services.diaries:list_my_diaries_service:57 | 用户[1] 查询自己日记列表 skip=0, limit=100, 数量=2
2026-08-25 11:25:41 | INFO     | services.diaries:list_my_diaries_service:57 | 用户[1] 查询自己日记列表 skip=0, limit=100, 数量=2
2026-08-25 11:25:42 | INFO     | services.diaries:list_my_diaries_service:57 | 用户[1] 查询自己日记列表 skip=0, limit=100, 数量=2
2026-08-25 11:25:42 | INFO     | services.diaries:list_my_diaries_service:57 | 用户[1] 查询自己日记列表 skip=0, limit=100, 数量=2
2026-08-25 11:25:42 | INFO     | services.diaries:list_my_diaries_service:57 | 用户[1] 查询自己日记列表 skip=0, limit=100, 数量=2
2026-08-25 11:25:43 | INFO     | services.diaries:list_my_diaries_service:57 | 用户[1] 查询自己日记列表 skip=0, limit=100, 数量=2
2026-08-25 11:25:43 | INFO     | services.diaries:list_my_diaries_service:57 | 用户[1] 查询自己日记列表 skip=0, limit=100, 数量=2
2026-08-25 11:25:44 | INFO     | services.diaries:list_my_diaries_service:57 | 用户[1] 查询自己日记列表 skip=0, limit=100, 数量=2
2026-08-25 11:25:44 | INFO     | services.diaries:list_my_diaries_service:57 | 用户[1] 查询自己日记列表 skip=0, limit=100, 数量=2
2026-08-25 11:25:44 | INFO     | services.diaries:list_my_diaries_service:57 | 用户[1] 查询自己日记列表 skip=0, limit=100, 数量=2
2026-08-25 11:25:45 | INFO     | services.diaries:list_my_diaries_service:57 | 用户[1] 查询自己日记列表 skip=0, limit=100, 数量=2
2026-08-25 11:25:45 | INFO     | services.diaries:list_my_diaries_service:57 | 用户[1] 查询自己日记列表 skip=0, limit=100, 数量=2
2026-08-25 11:25:46 | INFO     | services.diaries:list_my_diaries_service:57 | 用户[1] 查询自己日记列表 skip=0, limit=100, 数量=2
2026-08-25 11:25:46 | INFO     | services.diaries:list_my_diaries_service:57 | 用户[1] 查询自己日记列表 skip=0, limit=100, 数量=2
2026-08-25 11:25:46 | INFO     | services.diaries:list_my_diaries_service:57 | 用户[1] 查询自己日记列表 skip=0, limit=100, 数量=2
2026-08-25 11:25:47 | INFO     | services.diaries:list_my_diaries_service:57 | 用户[1] 查询自己日记列表 skip=0, limit=100, 数量=2
2026-08-25 11:25:47 | INFO     | services.diaries:list_my_diaries_service:57 | 用户[1] 查询自己日记列表 skip=0, limit=100, 数量=2
2026-08-25 11:25:48 | INFO     | services.diaries:list_my_diaries_service:57 | 用户[1] 查询自己日记列表 skip=0, limit=100, 数量=2
2026-08-25 11:25:48 | INFO     | services.diaries:list_my_diaries_service:57 | 用户[1] 查询自己日记列表 skip=0, limit=100, 数量=2
2026-08-25 11:25:48 | INFO     | services.diaries:list_my_diaries_service:57 | 用户[1] 查询自己日记列表 skip=0, limit=100, 数量=2
2026-08-25 11:25:49 | INFO     | services.diaries:list_my_diaries_service:57 | 用户[1] 查询自己日记列表 skip=0, limit=100, 数量=2
2026-08-25 11:25:49 | INFO     | services.diaries:list_my_diaries_service:57 | 用户[1] 查询自己日记列表 skip=0, limit=100, 数量=2
2026-08-25 11:25:50 | INFO     | services.diaries:list_my_diaries_service:57 | 用户[1] 查询自己日记列表 skip=0, limit=100, 数量=2
2026-08-25 11:25:50 | INFO     | services.diaries:list_my_diaries_service:57 | 用户[1] 查询自己日记列表 skip=0, limit=100, 数量=2
2026-08-25 11:25:50 | INFO     | services.diaries:list_my_diaries_service:57 | 用户[1] 查询自己日记列表 skip=0, limit=100, 数量=2
2026-08-25 11:25:51 | INFO     | services.diaries:list_my_diaries_service:57 | 用户[1] 查询自己日记列表 skip=0, limit=100, 数量=2
2026-08-25 11:25:51 | INFO     | services.diaries:list_my_diaries_service:57 | 用户[1] 查询自己日记列表 skip=0, limit=100, 数量=2
2026-08-25 11:25:52 | INFO     | services.diaries:list_my_diaries_service:57 | 用户[1] 查询自己日记列表 skip=0, limit=100, 数量=2
2026-08-25 11:25:52 | INFO     | services.diaries:list_my_diaries_service:57 | 用户[1] 查询自己日记列表 skip=0, limit=100, 数量=2
2026-08-25 11:25:52 | INFO     | services.diaries:list_my_diaries_service:57 | 用户[1] 查询自己日记列表 skip=0, limit=100, 数量=2
2026-08-25 11:25:53 | INFO     | services.diaries:list_my_diaries_service:57 | 用户[1] 查询自己日记列表 skip=0, limit=100, 数量=2
2026-08-25 11:25:53 | INFO     | services.diaries:list_my_diaries_service:57 | 用户[1] 查询自己日记列表 skip=0, limit=100, 数量=2
2026-08-25 11:25:54 | INFO     | services.diaries:list_my_diaries_service:57 | 用户[1] 查询自己日记列表 skip=0, limit=100, 数量=2
2026-08-25 11:25:54 | INFO     | services.diaries:list_my_diaries_service:57 | 用户[1] 查询自己日记列表 skip=0, limit=100, 数量=2
2026-08-25 11:25:54 | INFO     | services.diaries:list_my_diaries_service:57 | 用户[1] 查询自己日记列表 skip=0, limit=100, 数量=2
2026-08-25 11:25:55 | INFO     | services.diaries:list_my_diaries_service:57 | 用户[1] 查询自己日记列表 skip=0, limit=100, 数量=2
2026-08-25 11:25:55 | INFO     | services.diaries:list_my_diaries_service:57 | 用户[1] 查询自己日记列表 skip=0, limit=100, 数量=2
2026-08-25 11:25:56 | INFO     | services.diaries:list_my_diaries_service:57 | 用户[1] 查询自己日记列表 skip=0, limit=100, 数量=2
2026-08-25 11:25:56 | INFO     | services.diaries:list_my_diaries_service:57 | 用户[1] 查询自己日记列表 skip=0, limit=100, 数量=2
2026-08-25 11:25:57 | INFO     | services.diaries:list_my_diaries_service:57 | 用户[1] 查询自己日记列表 skip=0, limit=100, 数量=2
2026-08-25 11:25:57 | INFO     | services.diaries:list_my_diaries_service:57 | 用户[1] 查询自己日记列表 skip=0, limit=100, 数量=2
2026-08-25 11:25:57 | INFO     | services.diaries:list_my_diaries_service:57 | 用户[1] 查询自己日记列表 skip=0, limit=100, 数量=2
2026-08-25 11:25:58 | INFO     | services.diaries:list_my_diaries_service:57 | 用户[1] 查询自己日记列表 skip=0, limit=100, 数量=2
2026-08-25 11:25:58 | INFO     | services.diaries:list_my_diaries_service:57 | 用户[1] 查询自己日记列表 skip=0, limit=100, 数量=2
2026-08-25 11:25:59 | INFO     | services.diaries:list_my_diaries_service:57 | 用户[1] 查询自己日记列表 skip=0, limit=100, 数量=2
2026-08-25 11:25:59 | INFO     | services.diaries:list_my_diaries_service:57 | 用户[1] 查询自己日记列表 skip=0, limit=100, 数量=2
2026-08-25 11:25:59 | INFO     | services.diaries:list_my_diaries_service:57 | 用户[1] 查询自己日记列表 skip=0, limit=100, 数量=2
2026-08-25 11:26:00 | INFO     | services.diaries:list_my_diaries_service:57 | 用户[1] 查询自己日记列表 skip=0, limit=100, 数量=2
2026-08-25 11:26:00 | INFO     | services.diaries:list_my_diaries_service:57 | 用户[1] 查询自己日记列表 skip=0, limit=100, 数量=2
2026-08-25 11:26:01 | INFO     | services.diaries:list_my_diaries_service:57 | 用户[1] 查询自己日记列表 skip=0, limit=100, 数量=2
2026-08-25 11:26:01 | INFO     | services.diaries:list_my_diaries_service:57 | 用户[1] 查询自己日记列表 skip=0, limit=100, 数量=2
2026-08-25 11:26:01 | INFO     | services.diaries:list_my_diaries_service:57 | 用户[1] 查询自己日记列表 skip=0, limit=100, 数量=2
2026-08-25 11:26:02 | INFO     | services.diaries:list_my_diaries_service:57 | 用户[1] 查询自己日记列表 skip=0, limit=100, 数量=2
2026-08-25 11:26:02 | INFO     | services.diaries:list_my_diaries_service:57 | 用户[1] 查询自己日记列表 skip=0, limit=100, 数量=2
2026-08-25 11:26:03 | INFO     | services.diaries:list_my_diaries_service:57 | 用户[1] 查询自己日记列表 skip=0, limit=100, 数量=2
2026-08-25 11:26:03 | INFO     | services.diaries:list_my_diaries_service:57 | 用户[1] 查询自己日记列表 skip=0, limit=100, 数量=2
2026-08-25 11:26:03 | INFO     | services.diaries:list_my_diaries_service:57 | 用户[1] 查询自己日记列表 skip=0, limit=100, 数量=2
2026-08-25 11:26:04 | INFO     | services.diaries:list_my_diaries_service:57 | 用户[1] 查询自己日记列表 skip=0, limit=100, 数量=2
2026-08-25 11:26:04 | INFO     | services.diaries:list_my_diaries_service:57 | 用户[1] 查询自己日记列表 skip=0, limit=100, 数量=2
2026-08-25 11:26:05 | INFO     | services.diaries:list_my_diaries_service:57 | 用户[1] 查询自己日记列表 skip=0, limit=100, 数量=2
2026-08-25 11:26:05 | INFO     | services.diaries:list_my_diaries_service:57 | 用户[1] 查询自己日记列表 skip=0, limit=100, 数量=2
2026-08-25 11:26:05 | INFO     | services.diaries:list_my_diaries_service:57 | 用户[1] 查询自己日记列表 skip=0, limit=100, 数量=2
2026-08-25 11:26:06 | INFO     | services.diaries:list_my_diaries_service:57 | 用户[1] 查询自己日记列表 skip=0, limit=100, 数量=2
2026-08-25 11:26:06 | INFO     | services.diaries:list_my_diaries_service:57 | 用户[1] 查询自己日记列表 skip=0, limit=100, 数量=2
2026-08-25 11:26:07 | INFO     | services.diaries:list_my_diaries_service:57 | 用户[1] 查询自己日记列表 skip=0, limit=100, 数量=2
2026-08-25 11:26:07 | INFO     | services.diaries:list_my_diaries_service:57 | 用户[1] 查询自己日记列表 skip=0, limit=100, 数量=2
2026-08-25 11:26:07 | INFO     | services.diaries:list_my_diaries_service:57 | 用户[1] 查询自己日记列表 skip=0, limit=100, 数量=2
2026-08-25 11:26:08 | INFO     | services.diaries:list_my_diaries_service:57 | 用户[1] 查询自己日记列表 skip=0, limit=100, 数量=2
2026-08-25 11:26:08 | INFO     | services.diaries:list_my_diaries_service:57 | 用户[1] 查询自己日记列表 skip=0, limit=100, 数量=2
2026-08-25 11:26:09 | INFO     | services.diaries:list_my_diaries_service:57 | 用户[1] 查询自己日记列表 skip=0, limit=100, 数量=2
2026-08-25 11:26:09 | INFO     | services.diaries:list_my_diaries_service:57 | 用户[1] 查询自己日记列表 skip=0, limit=100, 数量=2
2026-08-25 11:26:09 | INFO     | services.diaries:list_my_diaries_service:57 | 用户[1] 查询自己日记列表 skip=0, limit=100, 数量=2
2026-08-25 11:26:10 | INFO     | services.diaries:list_my_diaries_service:57 | 用户[1] 查询自己日记列表 skip=0, limit=100, 数量=2
2026-08-25 11:26:10 | INFO     | services.diaries:list_my_diaries_service:57 | 用户[1] 查询自己日记列表 skip=0, limit=100, 数量=2
2026-08-25 11:26:11 | INFO     | services.diaries:list_my_diaries_service:57 | 用户[1] 查询自己日记列表 skip=0, limit=100, 数量=2
2026-08-25 11:26:11 | INFO     | services.diaries:list_my_diaries_service:57 | 用户[1] 查询自己日记列表 skip=0, limit=100, 数量=2
2026-08-25 11:26:11 | INFO     | services.diaries:list_my_diaries_service:57 | 用户[1] 查询自己日记列表 skip=0, limit=100, 数量=2
2026-08-25 11:26:12 | INFO     | services.diaries:list_my_diaries_service:57 | 用户[1] 查询自己日记列表 skip=0, limit=100, 数量=2
2026-08-25 11:26:12 | INFO     | services.diaries:list_my_diaries_service:57 | 用户[1] 查询自己日记列表 skip=0, limit=100, 数量=2
2026-08-25 11:26:13 | INFO     | services.diaries:list_my_diaries_service:57 | 用户[1] 查询自己日记列表 skip=0, limit=100, 数量=2
2026-08-25 11:26:13 | INFO     | services.diaries:list_my_diaries_service:57 | 用户[1] 查询自己日记列表 skip=0, limit=100, 数量=2
2026-08-25 11:26:13 | INFO     | services.diaries:list_my_diaries_service:57 | 用户[1] 查询自己日记列表 skip=0, limit=100, 数量=2
2026-08-25 11:26:14 | INFO     | services.diaries:list_my_diaries_service:57 | 用户[1] 查询自己日记列表 skip=0, limit=100, 数量=2
2026-08-25 11:26:14 | INFO     | services.diaries:list_my_diaries_service:57 | 用户[1] 查询自己日记列表 skip=0, limit=100, 数量=2
2026-08-25 11:26:15 | INFO     | services.diaries:list_my_diaries_service:57 | 用户[1] 查询自己日记列表 skip=0, limit=100, 数量=2
2026-08-25 11:26:15 | INFO     | services.diaries:list_my_diaries_service:57 | 用户[1] 查询自己日记列表 skip=0, limit=100, 数量=2
2026-08-25 11:26:15 | INFO     | services.diaries:list_my_diaries_service:57 | 用户[1] 查询自己日记列表 skip=0, limit=100, 数量=2
2026-08-25 11:26:16 | INFO     | services.diaries:list_my_diaries_service:57 | 用户[1] 查询自己日记列表 skip=0, limit=100, 数量=2
2026-08-25 11:26:16 | INFO     | services.diaries:list_my_diaries_service:57 | 用户[1] 查询自己日记列表 skip=0, limit=100, 数量=2
2026-08-25 11:26:17 | INFO     | services.diaries:list_my_diaries_service:57 | 用户[1] 查询自己日记列表 skip=0, limit=100, 数量=2
2026-08-25 11:26:17 | INFO     | services.diaries:list_my_diaries_service:57 | 用户[1] 查询自己日记列表 skip=0, limit=100, 数量=2
2026-08-25 11:26:18 | INFO     | services.diaries:list_my_diaries_service:57 | 用户[1] 查询自己日记列表 skip=0, limit=100, 数量=2
2026-08-25 11:26:18 | INFO     | services.diaries:list_my_diaries_service:57 | 用户[1] 查询自己日记列表 skip=0, limit=100, 数量=2
2026-08-25 11:26:18 | INFO     | services.diaries:list_my_diaries_service:57 | 用户[1] 查询自己日记列表 skip=0, limit=100, 数量=2
2026-08-25 11:26:19 | INFO     | services.diaries:list_my_diaries_service:57 | 用户[1] 查询自己日记列表 skip=0, limit=100, 数量=2
2026-08-25 11:26:19 | INFO     | services.diaries:list_my_diaries_service:57 | 用户[1] 查询自己日记列表 skip=0, limit=100, 数量=2
2026-08-25 11:26:20 | INFO     | services.diaries:list_my_diaries_service:57 | 用户[1] 查询自己日记列表 skip=0, limit=100, 数量=2
2026-08-25 11:26:20 | INFO     | services.diaries:list_my_diaries_service:57 | 用户[1] 查询自己日记列表 skip=0, limit=100, 数量=2
2026-08-25 11:26:20 | INFO     | services.diaries:list_my_diaries_service:57 | 用户[1] 查询自己日记列表 skip=0, limit=100, 数量=2
2026-08-25 11:26:21 | INFO     | services.diaries:list_my_diaries_service:57 | 用户[1] 查询自己日记列表 skip=0, limit=100, 数量=2
2026-08-25 11:26:21 | INFO     | services.diaries:list_my_diaries_service:57 | 用户[1] 查询自己日记列表 skip=0, limit=100, 数量=2
2026-08-25 11:26:22 | INFO     | services.diaries:list_my_diaries_service:57 | 用户[1] 查询自己日记列表 skip=0, limit=100, 数量=2
2026-08-25 11:26:22 | INFO     | services.diaries:list_my_diaries_service:57 | 用户[1] 查询自己日记列表 skip=0, limit=100, 数量=2
2026-08-25 11:26:22 | INFO     | services.diaries:list_my_diaries_service:57 | 用户[1] 查询自己日记列表 skip=0, limit=100, 数量=2
2026-08-25 11:26:23 | INFO     | services.diaries:list_my_diaries_service:57 | 用户[1] 查询自己日记列表 skip=0, limit=100, 数量=2
2026-08-25 11:26:23 | INFO     | services.diaries:list_my_diaries_service:57 | 用户[1] 查询自己日记列表 skip=0, limit=100, 数量=2
2026-08-25 11:26:24 | INFO     | services.diaries:list_my_diaries_service:57 | 用户[1] 查询自己日记列表 skip=0, limit=100, 数量=2
2026-08-25 11:26:24 | INFO     | services.diaries:list_my_diaries_service:57 | 用户[1] 查询自己日记列表 skip=0, limit=100, 数量=2
2026-08-25 11:26:24 | INFO     | services.diaries:list_my_diaries_service:57 | 用户[1] 查询自己日记列表 skip=0, limit=100, 数量=2
2026-08-25 11:26:25 | INFO     | services.diaries:list_my_diaries_service:57 | 用户[1] 查询自己日记列表 skip=0, limit=100, 数量=2
2026-08-25 11:26:25 | INFO     | services.diaries:list_my_diaries_service:57 | 用户[1] 查询自己日记列表 skip=0, limit=100, 数量=2
2026-08-25 11:26:26 | INFO     | services.diaries:list_my_diaries_service:57 | 用户[1] 查询自己日记列表 skip=0, limit=100, 数量=2
2026-08-25 11:26:26 | INFO     | services.diaries:list_my_diaries_service:57 | 用户[1] 查询自己日记列表 skip=0, limit=100, 数量=2
2026-08-25 11:26:26 | INFO     | services.diaries:list_my_diaries_service:57 | 用户[1] 查询自己日记列表 skip=0, limit=100, 数量=2
2026-08-25 11:26:27 | INFO     | services.diaries:list_my_diaries_service:57 | 用户[1] 查询自己日记列表 skip=0, limit=100, 数量=2
2026-08-25 11:26:27 | INFO     | services.diaries:list_my_diaries_service:57 | 用户[1] 查询自己日记列表 skip=0, limit=100, 数量=2
2026-08-25 11:26:28 | INFO     | services.diaries:list_my_diaries_service:57 | 用户[1] 查询自己日记列表 skip=0, limit=100, 数量=2
2026-08-25 11:26:28 | INFO     | services.diaries:list_my_diaries_service:57 | 用户[1] 查询自己日记列表 skip=0, limit=100, 数量=2
2026-08-25 11:26:28 | INFO     | services.diaries:list_my_diaries_service:57 | 用户[1] 查询自己日记列表 skip=0, limit=100, 数量=2
2026-08-25 11:26:29 | INFO     | services.diaries:list_my_diaries_service:57 | 用户[1] 查询自己日记列表 skip=0, limit=100, 数量=2
2026-08-25 11:26:29 | INFO     | services.diaries:list_my_diaries_service:57 | 用户[1] 查询自己日记列表 skip=0, limit=100, 数量=2
2026-08-25 11:26:30 | INFO     | services.diaries:list_my_diaries_service:57 | 用户[1] 查询自己日记列表 skip=0, limit=100, 数量=2
2026-08-25 11:26:30 | INFO     | services.diaries:list_my_diaries_service:57 | 用户[1] 查询自己日记列表 skip=0, limit=100, 数量=2
2026-08-25 11:26:30 | INFO     | services.diaries:list_my_diaries_service:57 | 用户[1] 查询自己日记列表 skip=0, limit=100, 数量=2
2026-08-25 11:26:31 | INFO     | services.diaries:list_my_diaries_service:57 | 用户[1] 查询自己日记列表 skip=0, limit=100, 数量=2
2026-08-25 11:26:31 | INFO     | services.diaries:list_my_diaries_service:57 | 用户[1] 查询自己日记列表 skip=0, limit=100, 数量=2
2026-08-25 11:26:32 | INFO     | services.diaries:list_my_diaries_service:57 | 用户[1] 查询自己日记列表 skip=0, limit=100, 数量=2
2026-08-25 11:26:32 | INFO     | services.diaries:list_my_diaries_service:57 | 用户[1] 查询自己日记列表 skip=0, limit=100, 数量=2
2026-08-25 11:26:32 | INFO     | services.diaries:list_my_diaries_service:57 | 用户[1] 查询自己日记列表 skip=0, limit=100, 数量=2
2026-08-25 11:26:33 | INFO     | services.diaries:list_my_diaries_service:57 | 用户[1] 查询自己日记列表 skip=0, limit=100, 数量=2
2026-08-25 11:26:33 | INFO     | services.diaries:list_my_diaries_service:57 | 用户[1] 查询自己日记列表 skip=0, limit=100, 数量=2
2026-08-25 11:26:34 | INFO     | services.diaries:list_my_diaries_service:57 | 用户[1] 查询自己日记列表 skip=0, limit=100, 数量=2
2026-08-25 11:26:34 | INFO     | services.diaries:list_my_diaries_service:57 | 用户[1] 查询自己日记列表 skip=0, limit=100, 数量=2
2026-08-25 11:26:34 | INFO     | services.diaries:list_my_diaries_service:57 | 用户[1] 查询自己日记列表 skip=0, limit=100, 数量=2
2026-08-25 11:26:35 | INFO     | services.diaries:list_my_diaries_service:57 | 用户[1] 查询自己日记列表 skip=0, limit=100, 数量=2
2026-08-25 11:26:35 | INFO     | services.diaries:list_my_diaries_service:57 | 用户[1] 查询自己日记列表 skip=0, limit=100, 数量=2
2026-08-25 11:26:36 | INFO     | services.diaries:list_my_diaries_service:57 | 用户[1] 查询自己日记列表 skip=0, limit=100, 数量=2
2026-08-25 11:26:36 | INFO     | services.diaries:list_my_diaries_service:57 | 用户[1] 查询自己日记列表 skip=0, limit=100, 数量=2
2026-08-25 11:26:36 | INFO     | services.diaries:list_my_diaries_service:57 | 用户[1] 查询自己日记列表 skip=0, limit=100, 数量=2
2026-08-25 11:26:37 | INFO     | services.diaries:list_my_diaries_service:57 | 用户[1] 查询自己日记列表 skip=0, limit=100, 数量=2
2026-08-25 11:26:37 | INFO     | services.diaries:list_my_diaries_service:57 | 用户[1] 查询自己日记列表 skip=0, limit=100, 数量=2
2026-08-25 11:26:38 | INFO     | services.diaries:list_my_diaries_service:57 | 用户[1] 查询自己日记列表 skip=0, limit=100, 数量=2
2026-08-25 11:26:38 | INFO     | services.diaries:list_my_diaries_service:57 | 用户[1] 查询自己日记列表 skip=0, limit=100, 数量=2
2026-08-25 11:26:39 | INFO     | services.diaries:list_my_diaries_service:57 | 用户[1] 查询自己日记列表 skip=0, limit=100, 数量=2
2026-08-25 11:26:39 | INFO     | services.diaries:list_my_diaries_service:57 | 用户[1] 查询自己日记列表 skip=0, limit=100, 数量=2
2026-08-25 11:26:39 | INFO     | services.diaries:list_my_diaries_service:57 | 用户[1] 查询自己日记列表 skip=0, limit=100, 数量=2
2026-08-25 11:27:22 | INFO     | services.diaries:list_my_diaries_service:57 | 用户[1] 查询自己日记列表 skip=0, limit=100, 数量=2
2026-08-25 11:27:31 | INFO     | services.comment:list_target_comment_service:77 | 查询目标评论列表 target_type=diary, target_id=3, skip=0, limit=100, 数量=0
2026-08-25 11:28:04 | INFO     | services.comment:list_target_comment_service:77 | 查询目标评论列表 target_type=diary, target_id=2, skip=0, limit=100, 数量=0
2026-08-25 11:28:11 | INFO     | services.goal:get_all_goal_svs:58 | 用户[1] 查询目标列表 skip=0, limit=100, 数量=1
2026-08-25 11:28:12 | INFO     | services.comment:list_target_comment_service:77 | 查询目标评论列表 target_type=goal, target_id=1, skip=0, limit=100, 数量=0
2026-08-25 11:28:20 | INFO     | services.goal:update_goal_svs:83 | 用户[1] 更新目标成功 goal_id=1
2026-08-25 11:28:20 | INFO     | services.goal:get_all_goal_svs:58 | 用户[1] 查询目标列表 skip=0, limit=100, 数量=1
2026-08-25 11:28:23 | INFO     | services.comment:list_target_comment_service:77 | 查询目标评论列表 target_type=goal, target_id=1, skip=0, limit=100, 数量=0
2026-08-25 11:28:27 | INFO     | services.user:get_my_profile_service:19 | 用户[1] 查询个人资料 profile_id=1
2026-08-25 11:28:38 | INFO     | services.auth:login_user_service:65 | 用户登录成功 user_id=1, username=test1
2026-08-25 11:28:38 | INFO     | services.user:get_my_profile_service:19 | 用户[1] 查询个人资料 profile_id=1
2026-08-25 11:28:41 | INFO     | services.goal:get_all_goal_svs:58 | 用户[1] 查询目标列表 skip=0, limit=100, 数量=1
2026-08-25 11:28:41 | INFO     | services.diaries:list_my_diaries_service:57 | 用户[1] 查询自己日记列表 skip=0, limit=100, 数量=2
2026-08-25 11:28:42 | INFO     | services.goal:get_all_goal_svs:58 | 用户[1] 查询目标列表 skip=0, limit=100, 数量=1
2026-08-25 11:28:47 | INFO     | services.diaries:list_my_diaries_service:57 | 用户[1] 查询自己日记列表 skip=0, limit=100, 数量=2
2026-08-25 11:31:09 | INFO     | services.diaries:list_my_diaries_service:57 | 用户[1] 查询自己日记列表 skip=0, limit=100, 数量=2
2026-08-25 11:31:35 | INFO     | services.diaries:list_my_diaries_service:57 | 用户[1] 查询自己日记列表 skip=0, limit=100, 数量=2
2026-08-25 11:31:55 | INFO     | services.diaries:list_my_diaries_service:57 | 用户[1] 查询自己日记列表 skip=0, limit=100, 数量=2
2026-08-25 11:32:12 | INFO     | services.diaries:list_my_diaries_service:57 | 用户[1] 查询自己日记列表 skip=0, limit=100, 数量=2
2026-08-25 11:36:59 | INFO     | services.diaries:list_my_diaries_service:57 | 用户[1] 查询自己日记列表 skip=0, limit=100, 数量=2
2026-08-25 11:37:01 | INFO     | services.comment:list_target_comment_service:77 | 查询目标评论列表 target_type=diary, target_id=3, skip=0, limit=100, 数量=0
2026-08-25 11:37:08 | INFO     | services.comment:list_target_comment_service:77 | 查询目标评论列表 target_type=diary, target_id=2, skip=0, limit=100, 数量=0
2026-08-25 11:37:11 | INFO     | services.goal:get_all_goal_svs:58 | 用户[1] 查询目标列表 skip=0, limit=100, 数量=1
2026-08-25 11:39:26 | INFO     | services.diaries:list_my_diaries_service:57 | 用户[1] 查询自己日记列表 skip=0, limit=100, 数量=2
2026-08-25 11:39:28 | INFO     | services.comment:list_target_comment_service:77 | 查询目标评论列表 target_type=diary, target_id=3, skip=0, limit=100, 数量=0
2026-08-25 11:39:35 | INFO     | services.goal:get_all_goal_svs:58 | 用户[1] 查询目标列表 skip=0, limit=100, 数量=1
2026-08-25 11:39:37 | INFO     | services.comment:list_target_comment_service:77 | 查询目标评论列表 target_type=goal, target_id=1, skip=0, limit=100, 数量=0
2026-08-25 11:39:42 | INFO     | services.user:get_my_profile_service:19 | 用户[1] 查询个人资料 profile_id=1
2026-08-25 11:39:44 | INFO     | services.diaries:list_my_diaries_service:57 | 用户[1] 查询自己日记列表 skip=0, limit=100, 数量=2
2026-08-25 11:39:48 | INFO     | services.comment:list_target_comment_service:77 | 查询目标评论列表 target_type=diary, target_id=3, skip=0, limit=100, 数量=0
2026-08-25 11:40:17 | INFO     | services.diaries:list_my_diaries_service:57 | 用户[1] 查询自己日记列表 skip=0, limit=100, 数量=2
2026-08-25 11:40:17 | INFO     | services.diaries:list_my_diaries_service:57 | 用户[1] 查询自己日记列表 skip=0, limit=100, 数量=2
2026-08-25 11:40:19 | INFO     | services.comment:list_target_comment_service:77 | 查询目标评论列表 target_type=diary, target_id=3, skip=0, limit=100, 数量=0
2026-08-25 11:40:40 | INFO     | services.diaries:create_diary_service:29 | 用户[1] 创建日记成功, diary_id=4
2026-08-25 11:40:40 | INFO     | services.diaries:list_my_diaries_service:57 | 用户[1] 查询自己日记列表 skip=0, limit=100, 数量=3
2026-08-25 11:40:40 | INFO     | services.comment:list_target_comment_service:77 | 查询目标评论列表 target_type=diary, target_id=4, skip=0, limit=100, 数量=0
2026-08-25 11:47:01 | INFO     | services.comment:list_target_comment_service:77 | 查询目标评论列表 target_type=diary, target_id=4, skip=0, limit=100, 数量=0
2026-08-25 11:50:03 | INFO     | services.diaries:delete_diary_service:102 | 用户[1] 删除日记成功 diary_id=4
2026-08-25 11:50:03 | INFO     | services.diaries:list_my_diaries_service:57 | 用户[1] 查询自己日记列表 skip=0, limit=100, 数量=2
2026-08-25 11:50:08 | INFO     | services.diaries:update_diary_service:83 | 用户[1] 修改日记成功 diary_id=3
2026-08-25 11:50:08 | INFO     | services.diaries:list_my_diaries_service:57 | 用户[1] 查询自己日记列表 skip=0, limit=100, 数量=2
2026-08-25 11:50:10 | INFO     | services.comment:list_target_comment_service:77 | 查询目标评论列表 target_type=diary, target_id=3, skip=0, limit=100, 数量=0
2026-08-25 11:53:19 | INFO     | services.diaries:list_my_diaries_service:57 | 用户[1] 查询自己日记列表 skip=0, limit=100, 数量=2
2026-08-25 11:53:53 | INFO     | services.diaries:list_my_diaries_service:57 | 用户[1] 查询自己日记列表 skip=0, limit=100, 数量=2
2026-08-25 11:53:54 | INFO     | services.comment:list_target_comment_service:77 | 查询目标评论列表 target_type=diary, target_id=3, skip=0, limit=100, 数量=0
2026-08-25 11:53:56 | INFO     | services.comment:create_comment_service:50 | 用户[1] 创建评论成功 comment_id=1, target_type=diary, target_id=3
2026-08-25 11:53:58 | INFO     | services.comment:list_target_comment_service:77 | 查询目标评论列表 target_type=diary, target_id=3, skip=0, limit=100, 数量=1
2026-08-25 11:54:03 | INFO     | services.goal:get_all_goal_svs:58 | 用户[1] 查询目标列表 skip=0, limit=100, 数量=1
2026-08-25 11:54:05 | INFO     | services.comment:list_target_comment_service:77 | 查询目标评论列表 target_type=goal, target_id=1, skip=0, limit=100, 数量=0
2026-08-25 11:54:06 | INFO     | services.comment:create_comment_service:50 | 用户[1] 创建评论成功 comment_id=2, target_type=goal, target_id=1
2026-08-25 11:54:07 | INFO     | services.user:get_my_profile_service:19 | 用户[1] 查询个人资料 profile_id=1
2026-08-25 11:54:13 | INFO     | services.diaries:list_my_diaries_service:57 | 用户[1] 查询自己日记列表 skip=0, limit=100, 数量=2
2026-08-25 11:56:32 | INFO     | services.diaries:list_my_diaries_service:57 | 用户[1] 查询自己日记列表 skip=0, limit=100, 数量=2
2026-08-25 11:57:23 | INFO     | services.auth:register_user_service:36 | 新用户注册成功 user_id=2, username=test2
2026-08-25 11:57:27 | WARNING  | services.auth:register_user_service:26 | 注册失败，用户名已占用 username=test2
2026-08-25 11:57:46 | INFO     | services.auth:login_user_service:65 | 用户登录成功 user_id=2, username=test2
2026-08-25 11:57:46 | INFO     | services.diaries:list_my_diaries_service:57 | 用户[2] 查询自己日记列表 skip=0, limit=100, 数量=0
2026-08-25 11:57:49 | INFO     | services.goal:get_all_goal_svs:58 | 用户[2] 查询目标列表 skip=0, limit=100, 数量=0
2026-08-25 11:57:50 | WARNING  | services.user:get_my_profile_service:17 | 用户[2] 查询个人资料失败：尚未创建
2026-08-25 11:57:51 | INFO     | services.diaries:list_my_diaries_service:57 | 用户[2] 查询自己日记列表 skip=0, limit=100, 数量=0
2026-08-25 11:58:15 | WARNING  | services.user:get_my_profile_service:17 | 用户[2] 查询个人资料失败：尚未创建
2026-08-25 11:58:26 | INFO     | services.auth:login_user_service:65 | 用户登录成功 user_id=2, username=test2
2026-08-25 11:58:26 | WARNING  | services.user:get_my_profile_service:17 | 用户[2] 查询个人资料失败：尚未创建
2026-08-25 11:58:31 | INFO     | services.diaries:list_my_diaries_service:57 | 用户[2] 查询自己日记列表 skip=0, limit=100, 数量=0
2026-08-25 11:58:34 | INFO     | services.diaries:create_diary_service:29 | 用户[2] 创建日记成功, diary_id=5
2026-08-25 11:58:34 | INFO     | services.diaries:list_my_diaries_service:57 | 用户[2] 查询自己日记列表 skip=0, limit=100, 数量=1
2026-08-25 11:58:35 | INFO     | services.goal:get_all_goal_svs:58 | 用户[2] 查询目标列表 skip=0, limit=100, 数量=0
2026-08-25 11:58:41 | WARNING  | services.user:get_my_profile_service:17 | 用户[2] 查询个人资料失败：尚未创建
2026-08-25 11:58:47 | INFO     | services.user:create_my_profile_service:42 | 用户[2] 创建个人资料成功 profile_id=2
2026-08-25 11:58:47 | INFO     | services.user:get_my_profile_service:19 | 用户[2] 查询个人资料 profile_id=2
2026-08-25 11:58:55 | INFO     | services.auth:login_user_service:65 | 用户登录成功 user_id=1, username=test1
2026-08-25 11:58:55 | INFO     | services.user:get_my_profile_service:19 | 用户[1] 查询个人资料 profile_id=1
2026-08-25 11:59:02 | INFO     | services.diaries:list_my_diaries_service:57 | 用户[1] 查询自己日记列表 skip=0, limit=100, 数量=2
2026-08-25 12:01:32 | INFO     | services.diaries:list_my_diaries_service:57 | 用户[1] 查询自己日记列表 skip=0, limit=100, 数量=2
2026-08-25 12:01:48 | INFO     | services.diaries:list_my_diaries_service:57 | 用户[1] 查询自己日记列表 skip=0, limit=100, 数量=2
2026-08-25 12:01:50 | INFO     | services.diaries:list_my_diaries_service:57 | 用户[1] 查询自己日记列表 skip=0, limit=100, 数量=2
2026-08-25 12:02:00 | INFO     | services.diaries:list_my_diaries_service:57 | 用户[1] 查询自己日记列表 skip=0, limit=100, 数量=2
2026-08-25 12:02:01 | INFO     | services.diaries:list_my_diaries_service:57 | 用户[1] 查询自己日记列表 skip=0, limit=100, 数量=2
2026-08-25 12:02:09 | INFO     | services.diaries:list_my_diaries_service:57 | 用户[1] 查询自己日记列表 skip=0, limit=100, 数量=2
2026-08-25 12:02:11 | INFO     | services.diaries:list_my_diaries_service:57 | 用户[1] 查询自己日记列表 skip=0, limit=100, 数量=2
2026-08-25 12:02:11 | INFO     | services.diaries:list_my_diaries_service:57 | 用户[1] 查询自己日记列表 skip=0, limit=100, 数量=2
2026-08-25 12:02:24 | INFO     | services.diaries:list_my_diaries_service:57 | 用户[1] 查询自己日记列表 skip=0, limit=100, 数量=2
2026-08-25 12:02:32 | INFO     | services.diaries:list_my_diaries_service:57 | 用户[1] 查询自己日记列表 skip=0, limit=100, 数量=2
2026-08-25 12:02:46 | INFO     | services.diaries:list_my_diaries_service:57 | 用户[1] 查询自己日记列表 skip=0, limit=100, 数量=2
2026-08-25 12:02:56 | INFO     | services.diaries:list_my_diaries_service:57 | 用户[1] 查询自己日记列表 skip=0, limit=100, 数量=2
2026-08-25 12:03:26 | INFO     | services.diaries:list_my_diaries_service:57 | 用户[1] 查询自己日记列表 skip=0, limit=100, 数量=2
2026-08-25 12:03:46 | INFO     | services.diaries:list_my_diaries_service:57 | 用户[1] 查询自己日记列表 skip=0, limit=100, 数量=2
2026-08-25 12:03:56 | INFO     | services.diaries:list_my_diaries_service:57 | 用户[1] 查询自己日记列表 skip=0, limit=100, 数量=2
2026-08-25 12:04:08 | INFO     | services.diaries:list_my_diaries_service:57 | 用户[1] 查询自己日记列表 skip=0, limit=100, 数量=2
2026-08-25 12:04:17 | INFO     | services.diaries:list_my_diaries_service:57 | 用户[1] 查询自己日记列表 skip=0, limit=100, 数量=2
2026-08-25 12:06:30 | WARNING  | services.auth:authenticate_user_service:44 | 登录校验失败，用户名不存在 username=testuser
2026-08-25 12:06:30 | INFO     | services.auth:register_user_service:36 | 新用户注册成功 user_id=3, username=testuser
2026-08-25 12:06:58 | INFO     | services.auth:register_user_service:36 | 新用户注册成功 user_id=4, username=avtest
2026-08-25 12:06:58 | INFO     | services.auth:login_user_service:65 | 用户登录成功 user_id=4, username=avtest
2026-08-25 12:07:09 | INFO     | services.auth:login_user_service:65 | 用户登录成功 user_id=4, username=avtest
2026-08-25 12:07:31 | INFO     | services.auth:login_user_service:65 | 用户登录成功 user_id=4, username=avtest
2026-08-25 12:07:31 | WARNING  | services.user:get_my_profile_service:17 | 用户[4] 查询个人资料失败：尚未创建
2026-08-25 12:07:31 | INFO     | services.user:create_my_profile_service:42 | 用户[4] 创建个人资料成功 profile_id=3
2026-08-25 12:07:31 | INFO     | services.user:update_my_profile_service:64 | 用户[4] 更新个人资料成功 profile_id=3
2026-08-25 12:07:31 | INFO     | services.user:get_my_profile_service:19 | 用户[4] 查询个人资料 profile_id=3
2026-08-25 12:12:28 | INFO     | services.diaries:list_my_diaries_service:57 | 用户[1] 查询自己日记列表 skip=0, limit=100, 数量=2
2026-08-25 12:12:29 | INFO     | services.user:get_my_profile_service:19 | 用户[1] 查询个人资料 profile_id=1
2026-08-25 12:12:42 | INFO     | services.user:update_my_profile_service:64 | 用户[1] 更新个人资料成功 profile_id=1
2026-08-25 12:12:42 | INFO     | services.user:get_my_profile_service:19 | 用户[1] 查询个人资料 profile_id=1
2026-08-25 12:12:43 | INFO     | services.diaries:list_my_diaries_service:57 | 用户[1] 查询自己日记列表 skip=0, limit=100, 数量=2
2026-08-25 12:12:47 | INFO     | services.goal:get_all_goal_svs:58 | 用户[1] 查询目标列表 skip=0, limit=100, 数量=1
2026-08-25 12:12:48 | INFO     | services.user:get_my_profile_service:19 | 用户[1] 查询个人资料 profile_id=1
2026-08-25 12:13:02 | INFO     | services.user:update_my_profile_service:64 | 用户[1] 更新个人资料成功 profile_id=1
2026-08-25 12:13:02 | INFO     | services.user:get_my_profile_service:19 | 用户[1] 查询个人资料 profile_id=1
2026-08-25 12:13:02 | INFO     | services.diaries:list_my_diaries_service:57 | 用户[1] 查询自己日记列表 skip=0, limit=100, 数量=2
2026-08-25 12:13:46 | INFO     | services.diaries:list_my_diaries_service:57 | 用户[1] 查询自己日记列表 skip=0, limit=100, 数量=2
2026-08-25 12:13:46 | INFO     | services.diaries:list_my_diaries_service:57 | 用户[1] 查询自己日记列表 skip=0, limit=100, 数量=2
2026-08-25 12:13:47 | INFO     | services.diaries:list_my_diaries_service:57 | 用户[1] 查询自己日记列表 skip=0, limit=100, 数量=2
2026-08-25 12:13:47 | INFO     | services.diaries:list_my_diaries_service:57 | 用户[1] 查询自己日记列表 skip=0, limit=100, 数量=2
2026-08-25 12:13:47 | INFO     | services.diaries:list_my_diaries_service:57 | 用户[1] 查询自己日记列表 skip=0, limit=100, 数量=2
2026-08-25 12:13:48 | INFO     | services.diaries:list_my_diaries_service:57 | 用户[1] 查询自己日记列表 skip=0, limit=100, 数量=2
2026-08-25 12:13:48 | INFO     | services.diaries:list_my_diaries_service:57 | 用户[1] 查询自己日记列表 skip=0, limit=100, 数量=2
2026-08-25 12:13:49 | INFO     | services.diaries:list_my_diaries_service:57 | 用户[1] 查询自己日记列表 skip=0, limit=100, 数量=2
2026-08-25 12:13:49 | INFO     | services.diaries:list_my_diaries_service:57 | 用户[1] 查询自己日记列表 skip=0, limit=100, 数量=2
2026-08-25 12:13:50 | INFO     | services.diaries:list_my_diaries_service:57 | 用户[1] 查询自己日记列表 skip=0, limit=100, 数量=2
2026-08-25 12:13:50 | INFO     | services.diaries:list_my_diaries_service:57 | 用户[1] 查询自己日记列表 skip=0, limit=100, 数量=2
2026-08-25 12:13:50 | INFO     | services.diaries:list_my_diaries_service:57 | 用户[1] 查询自己日记列表 skip=0, limit=100, 数量=2
2026-08-25 12:13:51 | INFO     | services.diaries:list_my_diaries_service:57 | 用户[1] 查询自己日记列表 skip=0, limit=100, 数量=2
2026-08-25 12:13:51 | INFO     | services.diaries:list_my_diaries_service:57 | 用户[1] 查询自己日记列表 skip=0, limit=100, 数量=2
2026-08-25 12:13:52 | INFO     | services.diaries:list_my_diaries_service:57 | 用户[1] 查询自己日记列表 skip=0, limit=100, 数量=2
2026-08-25 12:13:52 | INFO     | services.diaries:list_my_diaries_service:57 | 用户[1] 查询自己日记列表 skip=0, limit=100, 数量=2
2026-08-25 12:13:52 | INFO     | services.diaries:list_my_diaries_service:57 | 用户[1] 查询自己日记列表 skip=0, limit=100, 数量=2
2026-08-25 12:13:53 | INFO     | services.diaries:list_my_diaries_service:57 | 用户[1] 查询自己日记列表 skip=0, limit=100, 数量=2
2026-08-25 12:13:53 | INFO     | services.diaries:list_my_diaries_service:57 | 用户[1] 查询自己日记列表 skip=0, limit=100, 数量=2
2026-08-25 12:13:54 | INFO     | services.diaries:list_my_diaries_service:57 | 用户[1] 查询自己日记列表 skip=0, limit=100, 数量=2
2026-08-25 12:13:54 | INFO     | services.diaries:list_my_diaries_service:57 | 用户[1] 查询自己日记列表 skip=0, limit=100, 数量=2
2026-08-25 12:13:54 | INFO     | services.diaries:list_my_diaries_service:57 | 用户[1] 查询自己日记列表 skip=0, limit=100, 数量=2
2026-08-25 12:13:55 | INFO     | services.diaries:list_my_diaries_service:57 | 用户[1] 查询自己日记列表 skip=0, limit=100, 数量=2
2026-08-25 12:13:55 | INFO     | services.diaries:list_my_diaries_service:57 | 用户[1] 查询自己日记列表 skip=0, limit=100, 数量=2
2026-08-25 12:13:56 | INFO     | services.diaries:list_my_diaries_service:57 | 用户[1] 查询自己日记列表 skip=0, limit=100, 数量=2
2026-08-25 12:13:56 | INFO     | services.diaries:list_my_diaries_service:57 | 用户[1] 查询自己日记列表 skip=0, limit=100, 数量=2
2026-08-25 12:13:56 | INFO     | services.diaries:list_my_diaries_service:57 | 用户[1] 查询自己日记列表 skip=0, limit=100, 数量=2
2026-08-25 12:13:57 | INFO     | services.diaries:list_my_diaries_service:57 | 用户[1] 查询自己日记列表 skip=0, limit=100, 数量=2
2026-08-25 12:13:57 | INFO     | services.diaries:list_my_diaries_service:57 | 用户[1] 查询自己日记列表 skip=0, limit=100, 数量=2
2026-08-25 12:13:58 | INFO     | services.diaries:list_my_diaries_service:57 | 用户[1] 查询自己日记列表 skip=0, limit=100, 数量=2
2026-08-25 12:13:58 | INFO     | services.diaries:list_my_diaries_service:57 | 用户[1] 查询自己日记列表 skip=0, limit=100, 数量=2
2026-08-25 12:13:58 | INFO     | services.diaries:list_my_diaries_service:57 | 用户[1] 查询自己日记列表 skip=0, limit=100, 数量=2
2026-08-25 12:13:59 | INFO     | services.diaries:list_my_diaries_service:57 | 用户[1] 查询自己日记列表 skip=0, limit=100, 数量=2
2026-08-25 12:13:59 | INFO     | services.diaries:list_my_diaries_service:57 | 用户[1] 查询自己日记列表 skip=0, limit=100, 数量=2
2026-08-25 12:14:00 | INFO     | services.diaries:list_my_diaries_service:57 | 用户[1] 查询自己日记列表 skip=0, limit=100, 数量=2
2026-08-25 12:14:00 | INFO     | services.diaries:list_my_diaries_service:57 | 用户[1] 查询自己日记列表 skip=0, limit=100, 数量=2
2026-08-25 12:14:00 | INFO     | services.diaries:list_my_diaries_service:57 | 用户[1] 查询自己日记列表 skip=0, limit=100, 数量=2
2026-08-25 12:14:01 | INFO     | services.diaries:list_my_diaries_service:57 | 用户[1] 查询自己日记列表 skip=0, limit=100, 数量=2
2026-08-25 12:14:01 | INFO     | services.diaries:list_my_diaries_service:57 | 用户[1] 查询自己日记列表 skip=0, limit=100, 数量=2
2026-08-25 12:14:02 | INFO     | services.diaries:list_my_diaries_service:57 | 用户[1] 查询自己日记列表 skip=0, limit=100, 数量=2
2026-08-25 12:14:02 | INFO     | services.diaries:list_my_diaries_service:57 | 用户[1] 查询自己日记列表 skip=0, limit=100, 数量=2
2026-08-25 12:14:02 | INFO     | services.diaries:list_my_diaries_service:57 | 用户[1] 查询自己日记列表 skip=0, limit=100, 数量=2
2026-08-25 12:14:03 | INFO     | services.diaries:list_my_diaries_service:57 | 用户[1] 查询自己日记列表 skip=0, limit=100, 数量=2
2026-08-25 12:14:03 | INFO     | services.diaries:list_my_diaries_service:57 | 用户[1] 查询自己日记列表 skip=0, limit=100, 数量=2
2026-08-25 12:14:04 | INFO     | services.diaries:list_my_diaries_service:57 | 用户[1] 查询自己日记列表 skip=0, limit=100, 数量=2
2026-08-25 12:14:04 | INFO     | services.diaries:list_my_diaries_service:57 | 用户[1] 查询自己日记列表 skip=0, limit=100, 数量=2
2026-08-25 12:14:04 | INFO     | services.diaries:list_my_diaries_service:57 | 用户[1] 查询自己日记列表 skip=0, limit=100, 数量=2
2026-08-25 12:14:05 | INFO     | services.diaries:list_my_diaries_service:57 | 用户[1] 查询自己日记列表 skip=0, limit=100, 数量=2
2026-08-25 12:14:05 | INFO     | services.diaries:list_my_diaries_service:57 | 用户[1] 查询自己日记列表 skip=0, limit=100, 数量=2
2026-08-25 12:14:06 | INFO     | services.diaries:list_my_diaries_service:57 | 用户[1] 查询自己日记列表 skip=0, limit=100, 数量=2
2026-08-25 12:14:06 | INFO     | services.diaries:list_my_diaries_service:57 | 用户[1] 查询自己日记列表 skip=0, limit=100, 数量=2
2026-08-25 12:14:07 | INFO     | services.diaries:list_my_diaries_service:57 | 用户[1] 查询自己日记列表 skip=0, limit=100, 数量=2
2026-08-25 12:14:07 | INFO     | services.diaries:list_my_diaries_service:57 | 用户[1] 查询自己日记列表 skip=0, limit=100, 数量=2
2026-08-25 12:14:07 | INFO     | services.diaries:list_my_diaries_service:57 | 用户[1] 查询自己日记列表 skip=0, limit=100, 数量=2
2026-08-25 12:14:08 | INFO     | services.diaries:list_my_diaries_service:57 | 用户[1] 查询自己日记列表 skip=0, limit=100, 数量=2
2026-08-25 12:14:08 | INFO     | services.diaries:list_my_diaries_service:57 | 用户[1] 查询自己日记列表 skip=0, limit=100, 数量=2
2026-08-25 12:14:08 | INFO     | services.diaries:list_my_diaries_service:57 | 用户[1] 查询自己日记列表 skip=0, limit=100, 数量=2
2026-08-25 12:14:09 | INFO     | services.diaries:list_my_diaries_service:57 | 用户[1] 查询自己日记列表 skip=0, limit=100, 数量=2
2026-08-25 12:14:09 | INFO     | services.diaries:list_my_diaries_service:57 | 用户[1] 查询自己日记列表 skip=0, limit=100, 数量=2
2026-08-25 12:14:10 | INFO     | services.diaries:list_my_diaries_service:57 | 用户[1] 查询自己日记列表 skip=0, limit=100, 数量=2
2026-08-25 12:14:10 | INFO     | services.diaries:list_my_diaries_service:57 | 用户[1] 查询自己日记列表 skip=0, limit=100, 数量=2
2026-08-25 12:14:11 | INFO     | services.diaries:list_my_diaries_service:57 | 用户[1] 查询自己日记列表 skip=0, limit=100, 数量=2
2026-08-25 12:14:11 | INFO     | services.diaries:list_my_diaries_service:57 | 用户[1] 查询自己日记列表 skip=0, limit=100, 数量=2
2026-08-25 12:14:11 | INFO     | services.diaries:list_my_diaries_service:57 | 用户[1] 查询自己日记列表 skip=0, limit=100, 数量=2
2026-08-25 12:14:12 | INFO     | services.diaries:list_my_diaries_service:57 | 用户[1] 查询自己日记列表 skip=0, limit=100, 数量=2
2026-08-25 12:14:12 | INFO     | services.diaries:list_my_diaries_service:57 | 用户[1] 查询自己日记列表 skip=0, limit=100, 数量=2
2026-08-25 12:14:13 | INFO     | services.diaries:list_my_diaries_service:57 | 用户[1] 查询自己日记列表 skip=0, limit=100, 数量=2
2026-08-25 12:14:13 | INFO     | services.diaries:list_my_diaries_service:57 | 用户[1] 查询自己日记列表 skip=0, limit=100, 数量=2
2026-08-25 12:14:13 | INFO     | services.diaries:list_my_diaries_service:57 | 用户[1] 查询自己日记列表 skip=0, limit=100, 数量=2
2026-08-25 12:14:14 | INFO     | services.diaries:list_my_diaries_service:57 | 用户[1] 查询自己日记列表 skip=0, limit=100, 数量=2
2026-08-25 12:14:14 | INFO     | services.diaries:list_my_diaries_service:57 | 用户[1] 查询自己日记列表 skip=0, limit=100, 数量=2
2026-08-25 12:14:15 | INFO     | services.diaries:list_my_diaries_service:57 | 用户[1] 查询自己日记列表 skip=0, limit=100, 数量=2
2026-08-25 12:14:15 | INFO     | services.diaries:list_my_diaries_service:57 | 用户[1] 查询自己日记列表 skip=0, limit=100, 数量=2
2026-08-25 12:14:15 | INFO     | services.diaries:list_my_diaries_service:57 | 用户[1] 查询自己日记列表 skip=0, limit=100, 数量=2
2026-08-25 12:14:16 | INFO     | services.diaries:list_my_diaries_service:57 | 用户[1] 查询自己日记列表 skip=0, limit=100, 数量=2
2026-08-25 12:14:16 | INFO     | services.diaries:list_my_diaries_service:57 | 用户[1] 查询自己日记列表 skip=0, limit=100, 数量=2
2026-08-25 12:14:17 | INFO     | services.diaries:list_my_diaries_service:57 | 用户[1] 查询自己日记列表 skip=0, limit=100, 数量=2
2026-08-25 12:14:17 | INFO     | services.diaries:list_my_diaries_service:57 | 用户[1] 查询自己日记列表 skip=0, limit=100, 数量=2
2026-08-25 12:14:17 | INFO     | services.diaries:list_my_diaries_service:57 | 用户[1] 查询自己日记列表 skip=0, limit=100, 数量=2
2026-08-25 12:14:18 | INFO     | services.diaries:list_my_diaries_service:57 | 用户[1] 查询自己日记列表 skip=0, limit=100, 数量=2
2026-08-25 12:14:18 | INFO     | services.diaries:list_my_diaries_service:57 | 用户[1] 查询自己日记列表 skip=0, limit=100, 数量=2
2026-08-25 12:14:19 | INFO     | services.diaries:list_my_diaries_service:57 | 用户[1] 查询自己日记列表 skip=0, limit=100, 数量=2
2026-08-25 12:14:19 | INFO     | services.diaries:list_my_diaries_service:57 | 用户[1] 查询自己日记列表 skip=0, limit=100, 数量=2
2026-08-25 12:14:19 | INFO     | services.diaries:list_my_diaries_service:57 | 用户[1] 查询自己日记列表 skip=0, limit=100, 数量=2
2026-08-25 12:14:20 | INFO     | services.diaries:list_my_diaries_service:57 | 用户[1] 查询自己日记列表 skip=0, limit=100, 数量=2
2026-08-25 12:14:20 | INFO     | services.diaries:list_my_diaries_service:57 | 用户[1] 查询自己日记列表 skip=0, limit=100, 数量=2
2026-08-25 12:14:21 | INFO     | services.diaries:list_my_diaries_service:57 | 用户[1] 查询自己日记列表 skip=0, limit=100, 数量=2
2026-08-25 12:14:21 | INFO     | services.diaries:list_my_diaries_service:57 | 用户[1] 查询自己日记列表 skip=0, limit=100, 数量=2
2026-08-25 12:14:21 | INFO     | services.diaries:list_my_diaries_service:57 | 用户[1] 查询自己日记列表 skip=0, limit=100, 数量=2
2026-08-25 12:14:22 | INFO     | services.diaries:list_my_diaries_service:57 | 用户[1] 查询自己日记列表 skip=0, limit=100, 数量=2
2026-08-25 12:14:22 | INFO     | services.diaries:list_my_diaries_service:57 | 用户[1] 查询自己日记列表 skip=0, limit=100, 数量=2
2026-08-25 12:14:23 | INFO     | services.diaries:list_my_diaries_service:57 | 用户[1] 查询自己日记列表 skip=0, limit=100, 数量=2
2026-08-25 12:14:23 | INFO     | services.diaries:list_my_diaries_service:57 | 用户[1] 查询自己日记列表 skip=0, limit=100, 数量=2
2026-08-25 12:14:23 | INFO     | services.diaries:list_my_diaries_service:57 | 用户[1] 查询自己日记列表 skip=0, limit=100, 数量=2
2026-08-25 12:14:24 | INFO     | services.diaries:list_my_diaries_service:57 | 用户[1] 查询自己日记列表 skip=0, limit=100, 数量=2
2026-08-25 12:14:24 | INFO     | services.diaries:list_my_diaries_service:57 | 用户[1] 查询自己日记列表 skip=0, limit=100, 数量=2
2026-08-25 12:14:25 | INFO     | services.diaries:list_my_diaries_service:57 | 用户[1] 查询自己日记列表 skip=0, limit=100, 数量=2
2026-08-25 12:14:25 | INFO     | services.diaries:list_my_diaries_service:57 | 用户[1] 查询自己日记列表 skip=0, limit=100, 数量=2
2026-08-25 12:14:25 | INFO     | services.diaries:list_my_diaries_service:57 | 用户[1] 查询自己日记列表 skip=0, limit=100, 数量=2
2026-08-25 12:14:26 | INFO     | services.diaries:list_my_diaries_service:57 | 用户[1] 查询自己日记列表 skip=0, limit=100, 数量=2
2026-08-25 12:14:26 | INFO     | services.diaries:list_my_diaries_service:57 | 用户[1] 查询自己日记列表 skip=0, limit=100, 数量=2
2026-08-25 12:14:27 | INFO     | services.diaries:list_my_diaries_service:57 | 用户[1] 查询自己日记列表 skip=0, limit=100, 数量=2
2026-08-25 12:14:27 | INFO     | services.diaries:list_my_diaries_service:57 | 用户[1] 查询自己日记列表 skip=0, limit=100, 数量=2
2026-08-25 12:14:27 | INFO     | services.diaries:list_my_diaries_service:57 | 用户[1] 查询自己日记列表 skip=0, limit=100, 数量=2
2026-08-25 12:14:28 | INFO     | services.diaries:list_my_diaries_service:57 | 用户[1] 查询自己日记列表 skip=0, limit=100, 数量=2
2026-08-25 12:14:28 | INFO     | services.diaries:list_my_diaries_service:57 | 用户[1] 查询自己日记列表 skip=0, limit=100, 数量=2
2026-08-25 12:14:29 | INFO     | services.diaries:list_my_diaries_service:57 | 用户[1] 查询自己日记列表 skip=0, limit=100, 数量=2
2026-08-25 12:14:29 | INFO     | services.diaries:list_my_diaries_service:57 | 用户[1] 查询自己日记列表 skip=0, limit=100, 数量=2
2026-08-25 12:14:30 | INFO     | services.diaries:list_my_diaries_service:57 | 用户[1] 查询自己日记列表 skip=0, limit=100, 数量=2
2026-08-25 12:14:30 | INFO     | services.diaries:list_my_diaries_service:57 | 用户[1] 查询自己日记列表 skip=0, limit=100, 数量=2
2026-08-25 12:14:30 | INFO     | services.diaries:list_my_diaries_service:57 | 用户[1] 查询自己日记列表 skip=0, limit=100, 数量=2
2026-08-25 12:14:31 | INFO     | services.diaries:list_my_diaries_service:57 | 用户[1] 查询自己日记列表 skip=0, limit=100, 数量=2
2026-08-25 12:14:31 | INFO     | services.diaries:list_my_diaries_service:57 | 用户[1] 查询自己日记列表 skip=0, limit=100, 数量=2
2026-08-25 12:14:32 | INFO     | services.diaries:list_my_diaries_service:57 | 用户[1] 查询自己日记列表 skip=0, limit=100, 数量=2
2026-08-25 12:14:32 | INFO     | services.diaries:list_my_diaries_service:57 | 用户[1] 查询自己日记列表 skip=0, limit=100, 数量=2
2026-08-25 12:14:32 | INFO     | services.diaries:list_my_diaries_service:57 | 用户[1] 查询自己日记列表 skip=0, limit=100, 数量=2
2026-08-25 12:14:33 | INFO     | services.diaries:list_my_diaries_service:57 | 用户[1] 查询自己日记列表 skip=0, limit=100, 数量=2
2026-08-25 12:14:33 | INFO     | services.diaries:list_my_diaries_service:57 | 用户[1] 查询自己日记列表 skip=0, limit=100, 数量=2
2026-08-25 12:14:34 | INFO     | services.diaries:list_my_diaries_service:57 | 用户[1] 查询自己日记列表 skip=0, limit=100, 数量=2
2026-08-25 12:14:34 | INFO     | services.diaries:list_my_diaries_service:57 | 用户[1] 查询自己日记列表 skip=0, limit=100, 数量=2
2026-08-25 12:14:34 | INFO     | services.diaries:list_my_diaries_service:57 | 用户[1] 查询自己日记列表 skip=0, limit=100, 数量=2
2026-08-25 12:14:35 | INFO     | services.diaries:list_my_diaries_service:57 | 用户[1] 查询自己日记列表 skip=0, limit=100, 数量=2
2026-08-25 12:14:35 | INFO     | services.diaries:list_my_diaries_service:57 | 用户[1] 查询自己日记列表 skip=0, limit=100, 数量=2
2026-08-25 12:14:36 | INFO     | services.diaries:list_my_diaries_service:57 | 用户[1] 查询自己日记列表 skip=0, limit=100, 数量=2
2026-08-25 12:14:36 | INFO     | services.diaries:list_my_diaries_service:57 | 用户[1] 查询自己日记列表 skip=0, limit=100, 数量=2
2026-08-25 12:14:36 | INFO     | services.diaries:list_my_diaries_service:57 | 用户[1] 查询自己日记列表 skip=0, limit=100, 数量=2
2026-08-25 12:14:37 | INFO     | services.diaries:list_my_diaries_service:57 | 用户[1] 查询自己日记列表 skip=0, limit=100, 数量=2
2026-08-25 12:14:37 | INFO     | services.diaries:list_my_diaries_service:57 | 用户[1] 查询自己日记列表 skip=0, limit=100, 数量=2
2026-08-25 12:14:38 | INFO     | services.diaries:list_my_diaries_service:57 | 用户[1] 查询自己日记列表 skip=0, limit=100, 数量=2
2026-08-25 12:14:38 | INFO     | services.diaries:list_my_diaries_service:57 | 用户[1] 查询自己日记列表 skip=0, limit=100, 数量=2
2026-08-25 12:14:38 | INFO     | services.diaries:list_my_diaries_service:57 | 用户[1] 查询自己日记列表 skip=0, limit=100, 数量=2
2026-08-25 12:14:39 | INFO     | services.diaries:list_my_diaries_service:57 | 用户[1] 查询自己日记列表 skip=0, limit=100, 数量=2
2026-08-25 12:14:39 | INFO     | services.diaries:list_my_diaries_service:57 | 用户[1] 查询自己日记列表 skip=0, limit=100, 数量=2
2026-08-25 12:14:40 | INFO     | services.diaries:list_my_diaries_service:57 | 用户[1] 查询自己日记列表 skip=0, limit=100, 数量=2
2026-08-25 12:14:40 | INFO     | services.diaries:list_my_diaries_service:57 | 用户[1] 查询自己日记列表 skip=0, limit=100, 数量=2
2026-08-25 12:14:40 | INFO     | services.diaries:list_my_diaries_service:57 | 用户[1] 查询自己日记列表 skip=0, limit=100, 数量=2
2026-08-25 12:14:41 | INFO     | services.diaries:list_my_diaries_service:57 | 用户[1] 查询自己日记列表 skip=0, limit=100, 数量=2
2026-08-25 12:14:41 | INFO     | services.diaries:list_my_diaries_service:57 | 用户[1] 查询自己日记列表 skip=0, limit=100, 数量=2
2026-08-25 12:14:42 | INFO     | services.diaries:list_my_diaries_service:57 | 用户[1] 查询自己日记列表 skip=0, limit=100, 数量=2
2026-08-25 12:14:42 | INFO     | services.diaries:list_my_diaries_service:57 | 用户[1] 查询自己日记列表 skip=0, limit=100, 数量=2
2026-08-25 12:14:42 | INFO     | services.diaries:list_my_diaries_service:57 | 用户[1] 查询自己日记列表 skip=0, limit=100, 数量=2
2026-08-25 12:14:43 | INFO     | services.diaries:list_my_diaries_service:57 | 用户[1] 查询自己日记列表 skip=0, limit=100, 数量=2
2026-08-25 12:14:43 | INFO     | services.diaries:list_my_diaries_service:57 | 用户[1] 查询自己日记列表 skip=0, limit=100, 数量=2
2026-08-25 12:14:44 | INFO     | services.diaries:list_my_diaries_service:57 | 用户[1] 查询自己日记列表 skip=0, limit=100, 数量=2
2026-08-25 12:14:44 | INFO     | services.diaries:list_my_diaries_service:57 | 用户[1] 查询自己日记列表 skip=0, limit=100, 数量=2
2026-08-25 12:14:44 | INFO     | services.diaries:list_my_diaries_service:57 | 用户[1] 查询自己日记列表 skip=0, limit=100, 数量=2
2026-08-25 12:14:45 | INFO     | services.diaries:list_my_diaries_service:57 | 用户[1] 查询自己日记列表 skip=0, limit=100, 数量=2
2026-08-25 12:14:45 | INFO     | services.diaries:list_my_diaries_service:57 | 用户[1] 查询自己日记列表 skip=0, limit=100, 数量=2
2026-08-25 12:14:46 | INFO     | services.diaries:list_my_diaries_service:57 | 用户[1] 查询自己日记列表 skip=0, limit=100, 数量=2
2026-08-25 12:14:46 | INFO     | services.diaries:list_my_diaries_service:57 | 用户[1] 查询自己日记列表 skip=0, limit=100, 数量=2
2026-08-25 12:14:47 | INFO     | services.diaries:list_my_diaries_service:57 | 用户[1] 查询自己日记列表 skip=0, limit=100, 数量=2
2026-08-25 12:14:47 | INFO     | services.diaries:list_my_diaries_service:57 | 用户[1] 查询自己日记列表 skip=0, limit=100, 数量=2
2026-08-25 12:14:47 | INFO     | services.diaries:list_my_diaries_service:57 | 用户[1] 查询自己日记列表 skip=0, limit=100, 数量=2
2026-08-25 12:14:48 | INFO     | services.diaries:list_my_diaries_service:57 | 用户[1] 查询自己日记列表 skip=0, limit=100, 数量=2
2026-08-25 12:14:48 | INFO     | services.diaries:list_my_diaries_service:57 | 用户[1] 查询自己日记列表 skip=0, limit=100, 数量=2
2026-08-25 12:14:49 | INFO     | services.diaries:list_my_diaries_service:57 | 用户[1] 查询自己日记列表 skip=0, limit=100, 数量=2
2026-08-25 12:14:49 | INFO     | services.diaries:list_my_diaries_service:57 | 用户[1] 查询自己日记列表 skip=0, limit=100, 数量=2
2026-08-25 12:14:49 | INFO     | services.diaries:list_my_diaries_service:57 | 用户[1] 查询自己日记列表 skip=0, limit=100, 数量=2
2026-08-25 12:14:50 | INFO     | services.diaries:list_my_diaries_service:57 | 用户[1] 查询自己日记列表 skip=0, limit=100, 数量=2
2026-08-25 12:14:50 | INFO     | services.diaries:list_my_diaries_service:57 | 用户[1] 查询自己日记列表 skip=0, limit=100, 数量=2
2026-08-25 12:14:51 | INFO     | services.diaries:list_my_diaries_service:57 | 用户[1] 查询自己日记列表 skip=0, limit=100, 数量=2
2026-08-25 12:14:51 | INFO     | services.diaries:list_my_diaries_service:57 | 用户[1] 查询自己日记列表 skip=0, limit=100, 数量=2
2026-08-25 12:14:51 | INFO     | services.diaries:list_my_diaries_service:57 | 用户[1] 查询自己日记列表 skip=0, limit=100, 数量=2
2026-08-25 12:14:52 | INFO     | services.diaries:list_my_diaries_service:57 | 用户[1] 查询自己日记列表 skip=0, limit=100, 数量=2
2026-08-25 12:14:52 | INFO     | services.diaries:list_my_diaries_service:57 | 用户[1] 查询自己日记列表 skip=0, limit=100, 数量=2
2026-08-25 12:14:53 | INFO     | services.diaries:list_my_diaries_service:57 | 用户[1] 查询自己日记列表 skip=0, limit=100, 数量=2
2026-08-25 12:14:53 | INFO     | services.diaries:list_my_diaries_service:57 | 用户[1] 查询自己日记列表 skip=0, limit=100, 数量=2
2026-08-25 12:14:53 | INFO     | services.diaries:list_my_diaries_service:57 | 用户[1] 查询自己日记列表 skip=0, limit=100, 数量=2
2026-08-25 12:14:54 | INFO     | services.diaries:list_my_diaries_service:57 | 用户[1] 查询自己日记列表 skip=0, limit=100, 数量=2
2026-08-25 12:14:54 | INFO     | services.diaries:list_my_diaries_service:57 | 用户[1] 查询自己日记列表 skip=0, limit=100, 数量=2
2026-08-25 12:14:55 | INFO     | services.diaries:list_my_diaries_service:57 | 用户[1] 查询自己日记列表 skip=0, limit=100, 数量=2
2026-08-25 12:14:55 | INFO     | services.diaries:list_my_diaries_service:57 | 用户[1] 查询自己日记列表 skip=0, limit=100, 数量=2
2026-08-25 12:14:55 | INFO     | services.diaries:list_my_diaries_service:57 | 用户[1] 查询自己日记列表 skip=0, limit=100, 数量=2
2026-08-25 12:14:56 | INFO     | services.diaries:list_my_diaries_service:57 | 用户[1] 查询自己日记列表 skip=0, limit=100, 数量=2
2026-08-25 12:14:56 | INFO     | services.diaries:list_my_diaries_service:57 | 用户[1] 查询自己日记列表 skip=0, limit=100, 数量=2
2026-08-25 12:14:57 | INFO     | services.diaries:list_my_diaries_service:57 | 用户[1] 查询自己日记列表 skip=0, limit=100, 数量=2
2026-08-25 12:14:57 | INFO     | services.diaries:list_my_diaries_service:57 | 用户[1] 查询自己日记列表 skip=0, limit=100, 数量=2
2026-08-25 12:14:57 | INFO     | services.diaries:list_my_diaries_service:57 | 用户[1] 查询自己日记列表 skip=0, limit=100, 数量=2
2026-08-25 12:14:58 | INFO     | services.diaries:list_my_diaries_service:57 | 用户[1] 查询自己日记列表 skip=0, limit=100, 数量=2
2026-08-25 12:14:58 | INFO     | services.diaries:list_my_diaries_service:57 | 用户[1] 查询自己日记列表 skip=0, limit=100, 数量=2
2026-08-25 12:14:59 | INFO     | services.diaries:list_my_diaries_service:57 | 用户[1] 查询自己日记列表 skip=0, limit=100, 数量=2
2026-08-25 12:14:59 | INFO     | services.diaries:list_my_diaries_service:57 | 用户[1] 查询自己日记列表 skip=0, limit=100, 数量=2
2026-08-25 12:14:59 | INFO     | services.diaries:list_my_diaries_service:57 | 用户[1] 查询自己日记列表 skip=0, limit=100, 数量=2
2026-08-25 12:15:00 | INFO     | services.diaries:list_my_diaries_service:57 | 用户[1] 查询自己日记列表 skip=0, limit=100, 数量=2
2026-08-25 12:15:00 | INFO     | services.diaries:list_my_diaries_service:57 | 用户[1] 查询自己日记列表 skip=0, limit=100, 数量=2
2026-08-25 12:15:01 | INFO     | services.diaries:list_my_diaries_service:57 | 用户[1] 查询自己日记列表 skip=0, limit=100, 数量=2
2026-08-25 12:15:01 | INFO     | services.diaries:list_my_diaries_service:57 | 用户[1] 查询自己日记列表 skip=0, limit=100, 数量=2
2026-08-25 12:15:02 | INFO     | services.diaries:list_my_diaries_service:57 | 用户[1] 查询自己日记列表 skip=0, limit=100, 数量=2
2026-08-25 12:15:02 | INFO     | services.diaries:list_my_diaries_service:57 | 用户[1] 查询自己日记列表 skip=0, limit=100, 数量=2
2026-08-25 12:15:02 | INFO     | services.diaries:list_my_diaries_service:57 | 用户[1] 查询自己日记列表 skip=0, limit=100, 数量=2
2026-08-25 12:15:03 | INFO     | services.diaries:list_my_diaries_service:57 | 用户[1] 查询自己日记列表 skip=0, limit=100, 数量=2
2026-08-25 12:15:03 | INFO     | services.diaries:list_my_diaries_service:57 | 用户[1] 查询自己日记列表 skip=0, limit=100, 数量=2
2026-08-25 12:15:04 | INFO     | services.diaries:list_my_diaries_service:57 | 用户[1] 查询自己日记列表 skip=0, limit=100, 数量=2
2026-08-25 12:15:04 | INFO     | services.diaries:list_my_diaries_service:57 | 用户[1] 查询自己日记列表 skip=0, limit=100, 数量=2
2026-08-25 12:15:04 | INFO     | services.diaries:list_my_diaries_service:57 | 用户[1] 查询自己日记列表 skip=0, limit=100, 数量=2
2026-08-25 12:15:05 | INFO     | services.diaries:list_my_diaries_service:57 | 用户[1] 查询自己日记列表 skip=0, limit=100, 数量=2
2026-08-25 12:15:05 | INFO     | services.diaries:list_my_diaries_service:57 | 用户[1] 查询自己日记列表 skip=0, limit=100, 数量=2
2026-08-25 12:15:06 | INFO     | services.diaries:list_my_diaries_service:57 | 用户[1] 查询自己日记列表 skip=0, limit=100, 数量=2
2026-08-25 12:15:06 | INFO     | services.diaries:list_my_diaries_service:57 | 用户[1] 查询自己日记列表 skip=0, limit=100, 数量=2
2026-08-25 12:15:06 | INFO     | services.diaries:list_my_diaries_service:57 | 用户[1] 查询自己日记列表 skip=0, limit=100, 数量=2
2026-08-25 12:15:07 | INFO     | services.diaries:list_my_diaries_service:57 | 用户[1] 查询自己日记列表 skip=0, limit=100, 数量=2
2026-08-25 12:15:07 | INFO     | services.diaries:list_my_diaries_service:57 | 用户[1] 查询自己日记列表 skip=0, limit=100, 数量=2
2026-08-25 12:15:08 | INFO     | services.diaries:list_my_diaries_service:57 | 用户[1] 查询自己日记列表 skip=0, limit=100, 数量=2
2026-08-25 12:15:08 | INFO     | services.diaries:list_my_diaries_service:57 | 用户[1] 查询自己日记列表 skip=0, limit=100, 数量=2
2026-08-25 12:15:08 | INFO     | services.diaries:list_my_diaries_service:57 | 用户[1] 查询自己日记列表 skip=0, limit=100, 数量=2
2026-08-25 12:15:09 | INFO     | services.diaries:list_my_diaries_service:57 | 用户[1] 查询自己日记列表 skip=0, limit=100, 数量=2
2026-08-25 12:15:09 | INFO     | services.diaries:list_my_diaries_service:57 | 用户[1] 查询自己日记列表 skip=0, limit=100, 数量=2
2026-08-25 12:15:10 | INFO     | services.diaries:list_my_diaries_service:57 | 用户[1] 查询自己日记列表 skip=0, limit=100, 数量=2
2026-08-25 12:15:10 | INFO     | services.diaries:list_my_diaries_service:57 | 用户[1] 查询自己日记列表 skip=0, limit=100, 数量=2
2026-08-25 12:15:10 | INFO     | services.diaries:list_my_diaries_service:57 | 用户[1] 查询自己日记列表 skip=0, limit=100, 数量=2
2026-08-25 12:15:11 | INFO     | services.diaries:list_my_diaries_service:57 | 用户[1] 查询自己日记列表 skip=0, limit=100, 数量=2
2026-08-25 12:15:11 | INFO     | services.diaries:list_my_diaries_service:57 | 用户[1] 查询自己日记列表 skip=0, limit=100, 数量=2
2026-08-25 12:15:12 | INFO     | services.diaries:list_my_diaries_service:57 | 用户[1] 查询自己日记列表 skip=0, limit=100, 数量=2
2026-08-25 12:15:12 | INFO     | services.diaries:list_my_diaries_service:57 | 用户[1] 查询自己日记列表 skip=0, limit=100, 数量=2
2026-08-25 12:15:12 | INFO     | services.diaries:list_my_diaries_service:57 | 用户[1] 查询自己日记列表 skip=0, limit=100, 数量=2
2026-08-25 12:15:13 | INFO     | services.diaries:list_my_diaries_service:57 | 用户[1] 查询自己日记列表 skip=0, limit=100, 数量=2
2026-08-25 12:15:13 | INFO     | services.diaries:list_my_diaries_service:57 | 用户[1] 查询自己日记列表 skip=0, limit=100, 数量=2
2026-08-25 12:15:14 | INFO     | services.diaries:list_my_diaries_service:57 | 用户[1] 查询自己日记列表 skip=0, limit=100, 数量=2
2026-08-25 12:15:14 | INFO     | services.diaries:list_my_diaries_service:57 | 用户[1] 查询自己日记列表 skip=0, limit=100, 数量=2
2026-08-25 12:15:14 | INFO     | services.diaries:list_my_diaries_service:57 | 用户[1] 查询自己日记列表 skip=0, limit=100, 数量=2
2026-08-25 12:15:15 | INFO     | services.diaries:list_my_diaries_service:57 | 用户[1] 查询自己日记列表 skip=0, limit=100, 数量=2
2026-08-25 12:15:15 | INFO     | services.diaries:list_my_diaries_service:57 | 用户[1] 查询自己日记列表 skip=0, limit=100, 数量=2
2026-08-25 12:15:16 | INFO     | services.diaries:list_my_diaries_service:57 | 用户[1] 查询自己日记列表 skip=0, limit=100, 数量=2
2026-08-25 12:15:16 | INFO     | services.diaries:list_my_diaries_service:57 | 用户[1] 查询自己日记列表 skip=0, limit=100, 数量=2
2026-08-25 12:15:16 | INFO     | services.diaries:list_my_diaries_service:57 | 用户[1] 查询自己日记列表 skip=0, limit=100, 数量=2
2026-08-25 12:15:17 | INFO     | services.diaries:list_my_diaries_service:57 | 用户[1] 查询自己日记列表 skip=0, limit=100, 数量=2
2026-08-25 12:15:17 | INFO     | services.diaries:list_my_diaries_service:57 | 用户[1] 查询自己日记列表 skip=0, limit=100, 数量=2
2026-08-25 12:15:18 | INFO     | services.diaries:list_my_diaries_service:57 | 用户[1] 查询自己日记列表 skip=0, limit=100, 数量=2
2026-08-25 12:15:18 | INFO     | services.diaries:list_my_diaries_service:57 | 用户[1] 查询自己日记列表 skip=0, limit=100, 数量=2
2026-08-25 12:15:19 | INFO     | services.diaries:list_my_diaries_service:57 | 用户[1] 查询自己日记列表 skip=0, limit=100, 数量=2
2026-08-25 12:15:19 | INFO     | services.diaries:list_my_diaries_service:57 | 用户[1] 查询自己日记列表 skip=0, limit=100, 数量=2
2026-08-25 12:15:19 | INFO     | services.diaries:list_my_diaries_service:57 | 用户[1] 查询自己日记列表 skip=0, limit=100, 数量=2
2026-08-25 12:15:20 | INFO     | services.diaries:list_my_diaries_service:57 | 用户[1] 查询自己日记列表 skip=0, limit=100, 数量=2
2026-08-25 12:15:20 | INFO     | services.diaries:list_my_diaries_service:57 | 用户[1] 查询自己日记列表 skip=0, limit=100, 数量=2
2026-08-25 12:15:21 | INFO     | services.diaries:list_my_diaries_service:57 | 用户[1] 查询自己日记列表 skip=0, limit=100, 数量=2
2026-08-25 12:15:21 | INFO     | services.diaries:list_my_diaries_service:57 | 用户[1] 查询自己日记列表 skip=0, limit=100, 数量=2
2026-08-25 12:15:21 | INFO     | services.diaries:list_my_diaries_service:57 | 用户[1] 查询自己日记列表 skip=0, limit=100, 数量=2
2026-08-25 12:15:22 | INFO     | services.diaries:list_my_diaries_service:57 | 用户[1] 查询自己日记列表 skip=0, limit=100, 数量=2
2026-08-25 12:15:23 | INFO     | services.diaries:list_my_diaries_service:57 | 用户[1] 查询自己日记列表 skip=0, limit=100, 数量=2
2026-08-25 12:15:23 | INFO     | services.diaries:list_my_diaries_service:57 | 用户[1] 查询自己日记列表 skip=0, limit=100, 数量=2
2026-08-25 12:15:23 | INFO     | services.diaries:list_my_diaries_service:57 | 用户[1] 查询自己日记列表 skip=0, limit=100, 数量=2
2026-08-25 12:15:24 | INFO     | services.diaries:list_my_diaries_service:57 | 用户[1] 查询自己日记列表 skip=0, limit=100, 数量=2
2026-08-25 12:15:24 | INFO     | services.diaries:list_my_diaries_service:57 | 用户[1] 查询自己日记列表 skip=0, limit=100, 数量=2
2026-08-25 12:15:25 | INFO     | services.diaries:list_my_diaries_service:57 | 用户[1] 查询自己日记列表 skip=0, limit=100, 数量=2
2026-08-25 12:15:25 | INFO     | services.diaries:list_my_diaries_service:57 | 用户[1] 查询自己日记列表 skip=0, limit=100, 数量=2
2026-08-25 12:15:25 | INFO     | services.diaries:list_my_diaries_service:57 | 用户[1] 查询自己日记列表 skip=0, limit=100, 数量=2
2026-08-25 12:15:26 | INFO     | services.diaries:list_my_diaries_service:57 | 用户[1] 查询自己日记列表 skip=0, limit=100, 数量=2
2026-08-25 12:15:26 | INFO     | services.diaries:list_my_diaries_service:57 | 用户[1] 查询自己日记列表 skip=0, limit=100, 数量=2
2026-08-25 12:15:27 | INFO     | services.diaries:list_my_diaries_service:57 | 用户[1] 查询自己日记列表 skip=0, limit=100, 数量=2
2026-08-25 12:15:27 | INFO     | services.diaries:list_my_diaries_service:57 | 用户[1] 查询自己日记列表 skip=0, limit=100, 数量=2
2026-08-25 12:15:27 | INFO     | services.diaries:list_my_diaries_service:57 | 用户[1] 查询自己日记列表 skip=0, limit=100, 数量=2
2026-08-25 12:15:28 | INFO     | services.diaries:list_my_diaries_service:57 | 用户[1] 查询自己日记列表 skip=0, limit=100, 数量=2
2026-08-25 12:15:28 | INFO     | services.diaries:list_my_diaries_service:57 | 用户[1] 查询自己日记列表 skip=0, limit=100, 数量=2
2026-08-25 12:15:29 | INFO     | services.diaries:list_my_diaries_service:57 | 用户[1] 查询自己日记列表 skip=0, limit=100, 数量=2
2026-08-25 12:15:29 | INFO     | services.diaries:list_my_diaries_service:57 | 用户[1] 查询自己日记列表 skip=0, limit=100, 数量=2
2026-08-25 12:15:29 | INFO     | services.diaries:list_my_diaries_service:57 | 用户[1] 查询自己日记列表 skip=0, limit=100, 数量=2
2026-08-25 12:15:30 | INFO     | services.diaries:list_my_diaries_service:57 | 用户[1] 查询自己日记列表 skip=0, limit=100, 数量=2
2026-08-25 12:15:30 | INFO     | services.diaries:list_my_diaries_service:57 | 用户[1] 查询自己日记列表 skip=0, limit=100, 数量=2
2026-08-25 12:15:31 | INFO     | services.diaries:list_my_diaries_service:57 | 用户[1] 查询自己日记列表 skip=0, limit=100, 数量=2
2026-08-25 12:15:31 | INFO     | services.diaries:list_my_diaries_service:57 | 用户[1] 查询自己日记列表 skip=0, limit=100, 数量=2
2026-08-25 12:15:31 | INFO     | services.diaries:list_my_diaries_service:57 | 用户[1] 查询自己日记列表 skip=0, limit=100, 数量=2
2026-08-25 12:15:32 | INFO     | services.diaries:list_my_diaries_service:57 | 用户[1] 查询自己日记列表 skip=0, limit=100, 数量=2
2026-08-25 12:15:32 | INFO     | services.diaries:list_my_diaries_service:57 | 用户[1] 查询自己日记列表 skip=0, limit=100, 数量=2
2026-08-25 12:15:33 | INFO     | services.diaries:list_my_diaries_service:57 | 用户[1] 查询自己日记列表 skip=0, limit=100, 数量=2
2026-08-25 12:15:33 | INFO     | services.diaries:list_my_diaries_service:57 | 用户[1] 查询自己日记列表 skip=0, limit=100, 数量=2
2026-08-25 12:15:33 | INFO     | services.diaries:list_my_diaries_service:57 | 用户[1] 查询自己日记列表 skip=0, limit=100, 数量=2
2026-08-25 12:15:34 | INFO     | services.diaries:list_my_diaries_service:57 | 用户[1] 查询自己日记列表 skip=0, limit=100, 数量=2
2026-08-25 12:15:34 | INFO     | services.diaries:list_my_diaries_service:57 | 用户[1] 查询自己日记列表 skip=0, limit=100, 数量=2
2026-08-25 12:15:35 | INFO     | services.diaries:list_my_diaries_service:57 | 用户[1] 查询自己日记列表 skip=0, limit=100, 数量=2
2026-08-25 12:15:35 | INFO     | services.diaries:list_my_diaries_service:57 | 用户[1] 查询自己日记列表 skip=0, limit=100, 数量=2
2026-08-25 12:15:35 | INFO     | services.diaries:list_my_diaries_service:57 | 用户[1] 查询自己日记列表 skip=0, limit=100, 数量=2
2026-08-25 12:15:36 | INFO     | services.diaries:list_my_diaries_service:57 | 用户[1] 查询自己日记列表 skip=0, limit=100, 数量=2
2026-08-25 12:15:36 | INFO     | services.diaries:list_my_diaries_service:57 | 用户[1] 查询自己日记列表 skip=0, limit=100, 数量=2
2026-08-25 12:15:37 | INFO     | services.diaries:list_my_diaries_service:57 | 用户[1] 查询自己日记列表 skip=0, limit=100, 数量=2
2026-08-25 12:15:37 | INFO     | services.diaries:list_my_diaries_service:57 | 用户[1] 查询自己日记列表 skip=0, limit=100, 数量=2
2026-08-25 12:15:37 | INFO     | services.diaries:list_my_diaries_service:57 | 用户[1] 查询自己日记列表 skip=0, limit=100, 数量=2
2026-08-25 12:15:38 | INFO     | services.diaries:list_my_diaries_service:57 | 用户[1] 查询自己日记列表 skip=0, limit=100, 数量=2
2026-08-25 12:15:38 | INFO     | services.diaries:list_my_diaries_service:57 | 用户[1] 查询自己日记列表 skip=0, limit=100, 数量=2
2026-08-25 12:15:39 | INFO     | services.diaries:list_my_diaries_service:57 | 用户[1] 查询自己日记列表 skip=0, limit=100, 数量=2
2026-08-25 12:15:39 | INFO     | services.diaries:list_my_diaries_service:57 | 用户[1] 查询自己日记列表 skip=0, limit=100, 数量=2
2026-08-25 12:15:39 | INFO     | services.diaries:list_my_diaries_service:57 | 用户[1] 查询自己日记列表 skip=0, limit=100, 数量=2
2026-08-25 12:15:40 | INFO     | services.diaries:list_my_diaries_service:57 | 用户[1] 查询自己日记列表 skip=0, limit=100, 数量=2
2026-08-25 12:15:40 | INFO     | services.diaries:list_my_diaries_service:57 | 用户[1] 查询自己日记列表 skip=0, limit=100, 数量=2
2026-08-25 12:15:41 | INFO     | services.diaries:list_my_diaries_service:57 | 用户[1] 查询自己日记列表 skip=0, limit=100, 数量=2
2026-08-25 12:15:41 | INFO     | services.diaries:list_my_diaries_service:57 | 用户[1] 查询自己日记列表 skip=0, limit=100, 数量=2
2026-08-25 12:15:41 | INFO     | services.diaries:list_my_diaries_service:57 | 用户[1] 查询自己日记列表 skip=0, limit=100, 数量=2
2026-08-25 12:15:42 | INFO     | services.diaries:list_my_diaries_service:57 | 用户[1] 查询自己日记列表 skip=0, limit=100, 数量=2
2026-08-25 12:15:42 | INFO     | services.diaries:list_my_diaries_service:57 | 用户[1] 查询自己日记列表 skip=0, limit=100, 数量=2
2026-08-25 12:15:43 | INFO     | services.diaries:list_my_diaries_service:57 | 用户[1] 查询自己日记列表 skip=0, limit=100, 数量=2
2026-08-25 12:15:43 | INFO     | services.diaries:list_my_diaries_service:57 | 用户[1] 查询自己日记列表 skip=0, limit=100, 数量=2
2026-08-25 12:15:43 | INFO     | services.diaries:list_my_diaries_service:57 | 用户[1] 查询自己日记列表 skip=0, limit=100, 数量=2
2026-08-25 12:15:44 | INFO     | services.diaries:list_my_diaries_service:57 | 用户[1] 查询自己日记列表 skip=0, limit=100, 数量=2
2026-08-25 12:15:44 | INFO     | services.diaries:list_my_diaries_service:57 | 用户[1] 查询自己日记列表 skip=0, limit=100, 数量=2
2026-08-25 12:15:45 | INFO     | services.diaries:list_my_diaries_service:57 | 用户[1] 查询自己日记列表 skip=0, limit=100, 数量=2
2026-08-25 12:15:45 | INFO     | services.diaries:list_my_diaries_service:57 | 用户[1] 查询自己日记列表 skip=0, limit=100, 数量=2
2026-08-25 12:15:45 | INFO     | services.diaries:list_my_diaries_service:57 | 用户[1] 查询自己日记列表 skip=0, limit=100, 数量=2
2026-08-25 12:15:46 | INFO     | services.diaries:list_my_diaries_service:57 | 用户[1] 查询自己日记列表 skip=0, limit=100, 数量=2
2026-08-25 12:15:46 | INFO     | services.diaries:list_my_diaries_service:57 | 用户[1] 查询自己日记列表 skip=0, limit=100, 数量=2
2026-08-25 12:15:47 | INFO     | services.diaries:list_my_diaries_service:57 | 用户[1] 查询自己日记列表 skip=0, limit=100, 数量=2
2026-08-25 12:15:47 | INFO     | services.diaries:list_my_diaries_service:57 | 用户[1] 查询自己日记列表 skip=0, limit=100, 数量=2
2026-08-25 12:15:48 | INFO     | services.diaries:list_my_diaries_service:57 | 用户[1] 查询自己日记列表 skip=0, limit=100, 数量=2
2026-08-25 12:15:48 | INFO     | services.diaries:list_my_diaries_service:57 | 用户[1] 查询自己日记列表 skip=0, limit=100, 数量=2
2026-08-25 12:15:48 | INFO     | services.diaries:list_my_diaries_service:57 | 用户[1] 查询自己日记列表 skip=0, limit=100, 数量=2
2026-08-25 12:15:49 | INFO     | services.diaries:list_my_diaries_service:57 | 用户[1] 查询自己日记列表 skip=0, limit=100, 数量=2
2026-08-25 12:15:49 | INFO     | services.diaries:list_my_diaries_service:57 | 用户[1] 查询自己日记列表 skip=0, limit=100, 数量=2
2026-08-25 12:15:50 | INFO     | services.diaries:list_my_diaries_service:57 | 用户[1] 查询自己日记列表 skip=0, limit=100, 数量=2
2026-08-25 12:15:50 | INFO     | services.diaries:list_my_diaries_service:57 | 用户[1] 查询自己日记列表 skip=0, limit=100, 数量=2
2026-08-25 12:15:50 | INFO     | services.diaries:list_my_diaries_service:57 | 用户[1] 查询自己日记列表 skip=0, limit=100, 数量=2
2026-08-25 12:15:51 | INFO     | services.diaries:list_my_diaries_service:57 | 用户[1] 查询自己日记列表 skip=0, limit=100, 数量=2
2026-08-25 12:15:51 | INFO     | services.diaries:list_my_diaries_service:57 | 用户[1] 查询自己日记列表 skip=0, limit=100, 数量=2
2026-08-25 12:15:52 | INFO     | services.diaries:list_my_diaries_service:57 | 用户[1] 查询自己日记列表 skip=0, limit=100, 数量=2
2026-08-25 12:15:52 | INFO     | services.diaries:list_my_diaries_service:57 | 用户[1] 查询自己日记列表 skip=0, limit=100, 数量=2
2026-08-25 12:15:52 | INFO     | services.diaries:list_my_diaries_service:57 | 用户[1] 查询自己日记列表 skip=0, limit=100, 数量=2
2026-08-25 12:15:53 | INFO     | services.diaries:list_my_diaries_service:57 | 用户[1] 查询自己日记列表 skip=0, limit=100, 数量=2
2026-08-25 12:15:53 | INFO     | services.diaries:list_my_diaries_service:57 | 用户[1] 查询自己日记列表 skip=0, limit=100, 数量=2
2026-08-25 12:15:54 | INFO     | services.diaries:list_my_diaries_service:57 | 用户[1] 查询自己日记列表 skip=0, limit=100, 数量=2
2026-08-25 12:15:54 | INFO     | services.diaries:list_my_diaries_service:57 | 用户[1] 查询自己日记列表 skip=0, limit=100, 数量=2
2026-08-25 12:15:54 | INFO     | services.diaries:list_my_diaries_service:57 | 用户[1] 查询自己日记列表 skip=0, limit=100, 数量=2
2026-08-25 12:15:55 | INFO     | services.diaries:list_my_diaries_service:57 | 用户[1] 查询自己日记列表 skip=0, limit=100, 数量=2
2026-08-25 12:15:55 | INFO     | services.diaries:list_my_diaries_service:57 | 用户[1] 查询自己日记列表 skip=0, limit=100, 数量=2
2026-08-25 12:15:56 | INFO     | services.diaries:list_my_diaries_service:57 | 用户[1] 查询自己日记列表 skip=0, limit=100, 数量=2
2026-08-25 12:15:56 | INFO     | services.diaries:list_my_diaries_service:57 | 用户[1] 查询自己日记列表 skip=0, limit=100, 数量=2
2026-08-25 12:15:56 | INFO     | services.diaries:list_my_diaries_service:57 | 用户[1] 查询自己日记列表 skip=0, limit=100, 数量=2
2026-08-25 12:15:57 | INFO     | services.diaries:list_my_diaries_service:57 | 用户[1] 查询自己日记列表 skip=0, limit=100, 数量=2
2026-08-25 12:15:57 | INFO     | services.diaries:list_my_diaries_service:57 | 用户[1] 查询自己日记列表 skip=0, limit=100, 数量=2
2026-08-25 12:15:58 | INFO     | services.diaries:list_my_diaries_service:57 | 用户[1] 查询自己日记列表 skip=0, limit=100, 数量=2
2026-08-25 12:15:58 | INFO     | services.diaries:list_my_diaries_service:57 | 用户[1] 查询自己日记列表 skip=0, limit=100, 数量=2
2026-08-25 12:15:58 | INFO     | services.diaries:list_my_diaries_service:57 | 用户[1] 查询自己日记列表 skip=0, limit=100, 数量=2
2026-08-25 12:15:59 | INFO     | services.diaries:list_my_diaries_service:57 | 用户[1] 查询自己日记列表 skip=0, limit=100, 数量=2
2026-08-25 12:15:59 | INFO     | services.diaries:list_my_diaries_service:57 | 用户[1] 查询自己日记列表 skip=0, limit=100, 数量=2
2026-08-25 12:16:00 | INFO     | services.diaries:list_my_diaries_service:57 | 用户[1] 查询自己日记列表 skip=0, limit=100, 数量=2
2026-08-25 12:16:00 | INFO     | services.diaries:list_my_diaries_service:57 | 用户[1] 查询自己日记列表 skip=0, limit=100, 数量=2
2026-08-25 12:16:00 | INFO     | services.diaries:list_my_diaries_service:57 | 用户[1] 查询自己日记列表 skip=0, limit=100, 数量=2
2026-08-25 12:16:01 | INFO     | services.diaries:list_my_diaries_service:57 | 用户[1] 查询自己日记列表 skip=0, limit=100, 数量=2
2026-08-25 12:16:01 | INFO     | services.diaries:list_my_diaries_service:57 | 用户[1] 查询自己日记列表 skip=0, limit=100, 数量=2
2026-08-25 12:16:02 | INFO     | services.diaries:list_my_diaries_service:57 | 用户[1] 查询自己日记列表 skip=0, limit=100, 数量=2
2026-08-25 12:16:02 | INFO     | services.diaries:list_my_diaries_service:57 | 用户[1] 查询自己日记列表 skip=0, limit=100, 数量=2
2026-08-25 12:16:03 | INFO     | services.diaries:list_my_diaries_service:57 | 用户[1] 查询自己日记列表 skip=0, limit=100, 数量=2
2026-08-25 12:16:03 | INFO     | services.diaries:list_my_diaries_service:57 | 用户[1] 查询自己日记列表 skip=0, limit=100, 数量=2
2026-08-25 12:16:03 | INFO     | services.diaries:list_my_diaries_service:57 | 用户[1] 查询自己日记列表 skip=0, limit=100, 数量=2
2026-08-25 12:16:04 | INFO     | services.diaries:list_my_diaries_service:57 | 用户[1] 查询自己日记列表 skip=0, limit=100, 数量=2
2026-08-25 12:16:04 | INFO     | services.diaries:list_my_diaries_service:57 | 用户[1] 查询自己日记列表 skip=0, limit=100, 数量=2
2026-08-25 12:16:04 | INFO     | services.diaries:list_my_diaries_service:57 | 用户[1] 查询自己日记列表 skip=0, limit=100, 数量=2
2026-08-25 12:16:05 | INFO     | services.diaries:list_my_diaries_service:57 | 用户[1] 查询自己日记列表 skip=0, limit=100, 数量=2
2026-08-25 12:16:05 | INFO     | services.diaries:list_my_diaries_service:57 | 用户[1] 查询自己日记列表 skip=0, limit=100, 数量=2
2026-08-25 12:16:06 | INFO     | services.diaries:list_my_diaries_service:57 | 用户[1] 查询自己日记列表 skip=0, limit=100, 数量=2
2026-08-25 12:16:06 | INFO     | services.diaries:list_my_diaries_service:57 | 用户[1] 查询自己日记列表 skip=0, limit=100, 数量=2
2026-08-25 12:16:06 | INFO     | services.diaries:list_my_diaries_service:57 | 用户[1] 查询自己日记列表 skip=0, limit=100, 数量=2
2026-08-25 12:16:07 | INFO     | services.diaries:list_my_diaries_service:57 | 用户[1] 查询自己日记列表 skip=0, limit=100, 数量=2
2026-08-25 12:16:07 | INFO     | services.diaries:list_my_diaries_service:57 | 用户[1] 查询自己日记列表 skip=0, limit=100, 数量=2
2026-08-25 12:16:08 | INFO     | services.diaries:list_my_diaries_service:57 | 用户[1] 查询自己日记列表 skip=0, limit=100, 数量=2
2026-08-25 12:16:08 | INFO     | services.diaries:list_my_diaries_service:57 | 用户[1] 查询自己日记列表 skip=0, limit=100, 数量=2
2026-08-25 12:16:09 | INFO     | services.diaries:list_my_diaries_service:57 | 用户[1] 查询自己日记列表 skip=0, limit=100, 数量=2
2026-08-25 12:16:09 | INFO     | services.diaries:list_my_diaries_service:57 | 用户[1] 查询自己日记列表 skip=0, limit=100, 数量=2
2026-08-25 12:16:09 | INFO     | services.diaries:list_my_diaries_service:57 | 用户[1] 查询自己日记列表 skip=0, limit=100, 数量=2
2026-08-25 12:16:10 | INFO     | services.diaries:list_my_diaries_service:57 | 用户[1] 查询自己日记列表 skip=0, limit=100, 数量=2
2026-08-25 16:42:46 | INFO     | services.auth:register_user_service:36 | 新用户注册成功 user_id=1, username=newuser
2026-08-25 16:42:46 | ERROR    | main:general_exception_handler:90 | 未处理异常: POST /auth/register -> 'UserResponse' object has no attribute 'username'
2026-08-25 16:42:47 | INFO     | services.auth:register_user_service:36 | 新用户注册成功 user_id=1, username=testuser
2026-08-25 16:42:47 | ERROR    | main:general_exception_handler:90 | 未处理异常: POST /auth/register -> 'UserResponse' object has no attribute 'username'
2026-08-25 16:42:48 | INFO     | services.auth:register_user_service:36 | 新用户注册成功 user_id=1, username=testuser
2026-08-25 16:42:48 | ERROR    | main:general_exception_handler:90 | 未处理异常: POST /auth/register -> 'UserResponse' object has no attribute 'username'
2026-08-25 16:42:49 | INFO     | services.auth:register_user_service:36 | 新用户注册成功 user_id=1, username=testuser
2026-08-25 16:42:49 | ERROR    | main:general_exception_handler:90 | 未处理异常: POST /auth/register -> 'UserResponse' object has no attribute 'username'
2026-08-25 16:42:49 | INFO     | services.auth:register_user_service:36 | 新用户注册成功 user_id=1, username=testuser
2026-08-25 16:42:49 | ERROR    | main:general_exception_handler:90 | 未处理异常: POST /auth/register -> 'UserResponse' object has no attribute 'username'
2026-08-25 16:42:50 | INFO     | services.auth:register_user_service:36 | 新用户注册成功 user_id=1, username=testuser
2026-08-25 16:42:50 | ERROR    | main:general_exception_handler:90 | 未处理异常: POST /auth/register -> 'UserResponse' object has no attribute 'username'
2026-08-25 16:42:51 | INFO     | services.auth:register_user_service:36 | 新用户注册成功 user_id=1, username=testuser
2026-08-25 16:42:51 | ERROR    | main:general_exception_handler:90 | 未处理异常: POST /auth/register -> 'UserResponse' object has no attribute 'username'
2026-08-25 16:42:51 | INFO     | services.auth:register_user_service:36 | 新用户注册成功 user_id=1, username=testuser
2026-08-25 16:42:51 | ERROR    | main:general_exception_handler:90 | 未处理异常: POST /auth/register -> 'UserResponse' object has no attribute 'username'
2026-08-25 16:42:52 | INFO     | services.auth:register_user_service:36 | 新用户注册成功 user_id=1, username=testuser
2026-08-25 16:42:52 | ERROR    | main:general_exception_handler:90 | 未处理异常: POST /auth/register -> 'UserResponse' object has no attribute 'username'
2026-08-25 16:42:53 | WARNING  | main:http_exception_handler:72 | HTTP异常: GET /diary/ -> 401 Not authenticated
2026-08-25 16:42:53 | INFO     | main:request_log_middleware:65 | GET /diary/ -> 401
2026-08-25 16:42:53 | INFO     | services.auth:register_user_service:36 | 新用户注册成功 user_id=1, username=testuser
2026-08-25 16:42:53 | ERROR    | main:general_exception_handler:90 | 未处理异常: POST /auth/register -> 'UserResponse' object has no attribute 'username'
2026-08-25 16:42:53 | INFO     | services.auth:register_user_service:36 | 新用户注册成功 user_id=1, username=testuser
2026-08-25 16:42:53 | ERROR    | main:general_exception_handler:90 | 未处理异常: POST /auth/register -> 'UserResponse' object has no attribute 'username'
2026-08-25 16:42:54 | INFO     | services.auth:register_user_service:36 | 新用户注册成功 user_id=1, username=testuser
2026-08-25 16:42:54 | ERROR    | main:general_exception_handler:90 | 未处理异常: POST /auth/register -> 'UserResponse' object has no attribute 'username'
2026-08-25 16:42:55 | INFO     | services.auth:register_user_service:36 | 新用户注册成功 user_id=1, username=testuser
2026-08-25 16:42:55 | ERROR    | main:general_exception_handler:90 | 未处理异常: POST /auth/register -> 'UserResponse' object has no attribute 'username'
2026-08-25 16:42:56 | INFO     | services.auth:register_user_service:36 | 新用户注册成功 user_id=1, username=testuser
2026-08-25 16:42:56 | ERROR    | main:general_exception_handler:90 | 未处理异常: POST /auth/register -> 'UserResponse' object has no attribute 'username'
2026-08-25 16:44:18 | INFO     | services.auth:register_user_service:37 | 新用户注册成功 user_id=1, username=newuser
2026-08-25 16:44:18 | INFO     | services.auth:login_user_service:66 | 用户登录成功 user_id=1, username=newuser
2026-08-25 16:44:18 | INFO     | main:request_log_middleware:65 | POST /auth/register -> 200
2026-08-25 16:44:18 | INFO     | services.auth:register_user_service:37 | 新用户注册成功 user_id=1, username=testuser
2026-08-25 16:44:19 | INFO     | services.auth:login_user_service:66 | 用户登录成功 user_id=1, username=testuser
2026-08-25 16:44:19 | INFO     | main:request_log_middleware:65 | POST /auth/register -> 200
2026-08-25 16:44:19 | INFO     | services.auth:login_user_service:66 | 用户登录成功 user_id=1, username=testuser
2026-08-25 16:44:19 | INFO     | main:request_log_middleware:65 | POST /auth/login -> 200
2026-08-25 16:44:19 | WARNING  | services.auth:register_user_service:27 | 注册失败，用户名已占用 username=testuser
2026-08-25 16:44:19 | WARNING  | main:http_exception_handler:72 | HTTP异常: POST /auth/register -> 409 用户名已被占用
2026-08-25 16:44:19 | INFO     | main:request_log_middleware:65 | POST /auth/register -> 409
2026-08-25 16:44:19 | INFO     | services.auth:register_user_service:37 | 新用户注册成功 user_id=1, username=testuser
2026-08-25 16:44:19 | INFO     | services.auth:login_user_service:66 | 用户登录成功 user_id=1, username=testuser
2026-08-25 16:44:19 | INFO     | main:request_log_middleware:65 | POST /auth/register -> 200
2026-08-25 16:44:19 | INFO     | services.auth:login_user_service:66 | 用户登录成功 user_id=1, username=testuser
2026-08-25 16:44:19 | INFO     | main:request_log_middleware:65 | POST /auth/login -> 200
2026-08-25 16:44:20 | INFO     | services.auth:login_user_service:66 | 用户登录成功 user_id=1, username=testuser
2026-08-25 16:44:20 | INFO     | main:request_log_middleware:65 | POST /auth/login -> 200
2026-08-25 16:44:20 | INFO     | services.auth:register_user_service:37 | 新用户注册成功 user_id=1, username=testuser
2026-08-25 16:44:20 | INFO     | services.auth:login_user_service:66 | 用户登录成功 user_id=1, username=testuser
2026-08-25 16:44:20 | INFO     | main:request_log_middleware:65 | POST /auth/register -> 200
2026-08-25 16:44:20 | INFO     | services.auth:login_user_service:66 | 用户登录成功 user_id=1, username=testuser
2026-08-25 16:44:20 | INFO     | main:request_log_middleware:65 | POST /auth/login -> 200
2026-08-25 16:44:21 | WARNING  | services.auth:authenticate_user_service:53 | 登录校验失败，密码错误 username=testuser, user_id=1
2026-08-25 16:44:21 | WARNING  | main:http_exception_handler:72 | HTTP异常: POST /auth/login -> 401 用户名或密码错误
2026-08-25 16:44:21 | INFO     | main:request_log_middleware:65 | POST /auth/login -> 401
2026-08-25 16:44:21 | INFO     | services.auth:register_user_service:37 | 新用户注册成功 user_id=1, username=testuser
2026-08-25 16:44:21 | INFO     | services.auth:login_user_service:66 | 用户登录成功 user_id=1, username=testuser
2026-08-25 16:44:21 | INFO     | main:request_log_middleware:65 | POST /auth/register -> 200
2026-08-25 16:44:21 | INFO     | services.auth:login_user_service:66 | 用户登录成功 user_id=1, username=testuser
2026-08-25 16:44:21 | INFO     | main:request_log_middleware:65 | POST /auth/login -> 200
2026-08-25 16:44:21 | INFO     | services.diaries:create_diary_service:29 | 用户[1] 创建日记成功, diary_id=1
2026-08-25 16:44:21 | INFO     | main:request_log_middleware:65 | POST /diary/ -> 200
2026-08-25 16:44:22 | INFO     | services.auth:register_user_service:37 | 新用户注册成功 user_id=1, username=testuser
2026-08-25 16:44:22 | INFO     | services.auth:login_user_service:66 | 用户登录成功 user_id=1, username=testuser
2026-08-25 16:44:22 | INFO     | main:request_log_middleware:65 | POST /auth/register -> 200
2026-08-25 16:44:22 | INFO     | services.auth:login_user_service:66 | 用户登录成功 user_id=1, username=testuser
2026-08-25 16:44:22 | INFO     | main:request_log_middleware:65 | POST /auth/login -> 200
2026-08-25 16:44:22 | INFO     | services.diaries:create_diary_service:29 | 用户[1] 创建日记成功, diary_id=1
2026-08-25 16:44:22 | INFO     | main:request_log_middleware:65 | POST /diary/ -> 200
2026-08-25 16:44:22 | INFO     | services.diaries:get_diary_detail_service:46 | 用户[1] 查看日记详情 diary_id=1
2026-08-25 16:44:22 | INFO     | main:request_log_middleware:65 | GET /diary/1 -> 200
2026-08-25 16:44:22 | INFO     | services.auth:register_user_service:37 | 新用户注册成功 user_id=1, username=testuser
2026-08-25 16:44:23 | INFO     | services.auth:login_user_service:66 | 用户登录成功 user_id=1, username=testuser
2026-08-25 16:44:23 | INFO     | main:request_log_middleware:65 | POST /auth/register -> 200
2026-08-25 16:44:23 | INFO     | services.auth:login_user_service:66 | 用户登录成功 user_id=1, username=testuser
2026-08-25 16:44:23 | INFO     | main:request_log_middleware:65 | POST /auth/login -> 200
2026-08-25 16:44:23 | INFO     | services.diaries:create_diary_service:29 | 用户[1] 创建日记成功, diary_id=1
2026-08-25 16:44:23 | INFO     | main:request_log_middleware:65 | POST /diary/ -> 200
2026-08-25 16:44:23 | INFO     | services.diaries:create_diary_service:29 | 用户[1] 创建日记成功, diary_id=2
2026-08-25 16:44:23 | INFO     | main:request_log_middleware:65 | POST /diary/ -> 200
2026-08-25 16:44:23 | INFO     | services.diaries:create_diary_service:29 | 用户[1] 创建日记成功, diary_id=3
2026-08-25 16:44:23 | INFO     | main:request_log_middleware:65 | POST /diary/ -> 200
2026-08-25 16:44:23 | INFO     | services.diaries:list_my_diaries_service:57 | 用户[1] 查询自己日记列表 skip=0, limit=100, 数量=3
2026-08-25 16:44:23 | INFO     | main:request_log_middleware:65 | GET /diary/ -> 200
2026-08-25 16:44:23 | INFO     | services.auth:register_user_service:37 | 新用户注册成功 user_id=1, username=testuser
2026-08-25 16:44:23 | INFO     | services.auth:login_user_service:66 | 用户登录成功 user_id=1, username=testuser
2026-08-25 16:44:23 | INFO     | main:request_log_middleware:65 | POST /auth/register -> 200
2026-08-25 16:44:23 | INFO     | services.auth:login_user_service:66 | 用户登录成功 user_id=1, username=testuser
2026-08-25 16:44:23 | INFO     | main:request_log_middleware:65 | POST /auth/login -> 200
2026-08-25 16:44:23 | INFO     | services.diaries:create_diary_service:29 | 用户[1] 创建日记成功, diary_id=1
2026-08-25 16:44:23 | INFO     | main:request_log_middleware:65 | POST /diary/ -> 200
2026-08-25 16:44:23 | INFO     | services.diaries:update_diary_service:83 | 用户[1] 修改日记成功 diary_id=1
2026-08-25 16:44:23 | INFO     | main:request_log_middleware:65 | PUT /diary/1 -> 200
2026-08-25 16:44:24 | INFO     | services.auth:register_user_service:37 | 新用户注册成功 user_id=1, username=testuser
2026-08-25 16:44:24 | INFO     | services.auth:login_user_service:66 | 用户登录成功 user_id=1, username=testuser
2026-08-25 16:44:24 | INFO     | main:request_log_middleware:65 | POST /auth/register -> 200
2026-08-25 16:44:24 | INFO     | services.auth:login_user_service:66 | 用户登录成功 user_id=1, username=testuser
2026-08-25 16:44:24 | INFO     | main:request_log_middleware:65 | POST /auth/login -> 200
2026-08-25 16:44:24 | INFO     | services.diaries:create_diary_service:29 | 用户[1] 创建日记成功, diary_id=1
2026-08-25 16:44:24 | INFO     | main:request_log_middleware:65 | POST /diary/ -> 200
2026-08-25 16:44:24 | INFO     | services.diaries:delete_diary_service:102 | 用户[1] 删除日记成功 diary_id=1
2026-08-25 16:44:24 | INFO     | main:request_log_middleware:65 | DELETE /diary/1 -> 200
2026-08-25 16:44:24 | WARNING  | services.diaries:get_diary_detail_service:40 | 用户[1] 访问不存在的日记 diary_id=1
2026-08-25 16:44:24 | WARNING  | main:http_exception_handler:72 | HTTP异常: GET /diary/1 -> 404 日记不存在
2026-08-25 16:44:24 | INFO     | main:request_log_middleware:65 | GET /diary/1 -> 404
2026-08-25 16:44:24 | WARNING  | main:http_exception_handler:72 | HTTP异常: GET /diary/ -> 401 Not authenticated
2026-08-25 16:44:24 | INFO     | main:request_log_middleware:65 | GET /diary/ -> 401
2026-08-25 16:44:24 | INFO     | services.auth:register_user_service:37 | 新用户注册成功 user_id=1, username=testuser
2026-08-25 16:44:25 | INFO     | services.auth:login_user_service:66 | 用户登录成功 user_id=1, username=testuser
2026-08-25 16:44:25 | INFO     | main:request_log_middleware:65 | POST /auth/register -> 200
2026-08-25 16:44:25 | INFO     | services.auth:login_user_service:66 | 用户登录成功 user_id=1, username=testuser
2026-08-25 16:44:25 | INFO     | main:request_log_middleware:65 | POST /auth/login -> 200
2026-08-25 16:44:25 | INFO     | services.goal:create_goal_services:30 | 用户[1] 创建目标成功 goal_id=1
2026-08-25 16:44:25 | INFO     | main:request_log_middleware:65 | POST /goal/ -> 200
2026-08-25 16:44:25 | INFO     | services.auth:register_user_service:37 | 新用户注册成功 user_id=1, username=testuser
2026-08-25 16:44:25 | INFO     | services.auth:login_user_service:66 | 用户登录成功 user_id=1, username=testuser
2026-08-25 16:44:25 | INFO     | main:request_log_middleware:65 | POST /auth/register -> 200
2026-08-25 16:44:26 | INFO     | services.auth:login_user_service:66 | 用户登录成功 user_id=1, username=testuser
2026-08-25 16:44:26 | INFO     | main:request_log_middleware:65 | POST /auth/login -> 200
2026-08-25 16:44:26 | INFO     | services.goal:create_goal_services:30 | 用户[1] 创建目标成功 goal_id=1
2026-08-25 16:44:26 | INFO     | main:request_log_middleware:65 | POST /goal/ -> 200
2026-08-25 16:44:26 | INFO     | services.goal:get_one_goal_svs:47 | 用户[1] 查看目标详情 goal_id=1
2026-08-25 16:44:26 | INFO     | main:request_log_middleware:65 | GET /goal/1 -> 200
2026-08-25 16:44:26 | INFO     | services.auth:register_user_service:37 | 新用户注册成功 user_id=1, username=testuser
2026-08-25 16:44:26 | INFO     | services.auth:login_user_service:66 | 用户登录成功 user_id=1, username=testuser
2026-08-25 16:44:26 | INFO     | main:request_log_middleware:65 | POST /auth/register -> 200
2026-08-25 16:44:26 | INFO     | services.auth:login_user_service:66 | 用户登录成功 user_id=1, username=testuser
2026-08-25 16:44:26 | INFO     | main:request_log_middleware:65 | POST /auth/login -> 200
2026-08-25 16:44:26 | INFO     | services.goal:create_goal_services:30 | 用户[1] 创建目标成功 goal_id=1
2026-08-25 16:44:26 | INFO     | main:request_log_middleware:65 | POST /goal/ -> 200
2026-08-25 16:44:26 | INFO     | services.goal:create_goal_services:30 | 用户[1] 创建目标成功 goal_id=2
2026-08-25 16:44:26 | INFO     | main:request_log_middleware:65 | POST /goal/ -> 200
2026-08-25 16:44:26 | INFO     | services.goal:create_goal_services:30 | 用户[1] 创建目标成功 goal_id=3
2026-08-25 16:44:26 | INFO     | main:request_log_middleware:65 | POST /goal/ -> 200
2026-08-25 16:44:26 | INFO     | services.goal:get_all_goal_svs:58 | 用户[1] 查询目标列表 skip=0, limit=100, 数量=3
2026-08-25 16:44:26 | INFO     | main:request_log_middleware:65 | GET /goal/ -> 200
2026-08-25 16:44:27 | INFO     | services.auth:register_user_service:37 | 新用户注册成功 user_id=1, username=testuser
2026-08-25 16:44:27 | INFO     | services.auth:login_user_service:66 | 用户登录成功 user_id=1, username=testuser
2026-08-25 16:44:27 | INFO     | main:request_log_middleware:65 | POST /auth/register -> 200
2026-08-25 16:44:27 | INFO     | services.auth:login_user_service:66 | 用户登录成功 user_id=1, username=testuser
2026-08-25 16:44:27 | INFO     | main:request_log_middleware:65 | POST /auth/login -> 200
2026-08-25 16:44:27 | INFO     | services.goal:create_goal_services:30 | 用户[1] 创建目标成功 goal_id=1
2026-08-25 16:44:27 | INFO     | main:request_log_middleware:65 | POST /goal/ -> 200
2026-08-25 16:44:27 | INFO     | services.goal:update_goal_svs:83 | 用户[1] 更新目标成功 goal_id=1
2026-08-25 16:44:27 | INFO     | main:request_log_middleware:65 | PUT /goal/1 -> 200
2026-08-25 16:44:27 | INFO     | services.auth:register_user_service:37 | 新用户注册成功 user_id=1, username=testuser
2026-08-25 16:44:28 | INFO     | services.auth:login_user_service:66 | 用户登录成功 user_id=1, username=testuser
2026-08-25 16:44:28 | INFO     | main:request_log_middleware:65 | POST /auth/register -> 200
2026-08-25 16:44:28 | INFO     | services.auth:login_user_service:66 | 用户登录成功 user_id=1, username=testuser
2026-08-25 16:44:28 | INFO     | main:request_log_middleware:65 | POST /auth/login -> 200
2026-08-25 16:44:28 | INFO     | services.goal:create_goal_services:30 | 用户[1] 创建目标成功 goal_id=1
2026-08-25 16:44:28 | INFO     | main:request_log_middleware:65 | POST /goal/ -> 200
2026-08-25 16:44:28 | INFO     | services.goal:delete_goal_svs:100 | 用户[1] 删除目标成功 goal_id=1
2026-08-25 16:44:28 | INFO     | main:request_log_middleware:65 | DELETE /goal/1 -> 200
2026-08-25 16:44:28 | WARNING  | services.goal:get_one_goal_svs:41 | 用户[1] 访问不存在的目标 goal_id=1
2026-08-25 16:44:28 | WARNING  | main:http_exception_handler:72 | HTTP异常: GET /goal/1 -> 404 数据不存在
2026-08-25 16:44:28 | INFO     | main:request_log_middleware:65 | GET /goal/1 -> 404
2026-08-25 17:00:05 | INFO     | services.auth:register_user_service:37 | 新用户注册成功 user_id=1, username=newuser
2026-08-25 17:00:06 | INFO     | services.auth:login_user_service:66 | 用户登录成功 user_id=1, username=newuser
2026-08-25 17:00:06 | INFO     | main:request_log_middleware:65 | POST /auth/register -> 200
2026-08-25 17:00:06 | INFO     | services.auth:register_user_service:37 | 新用户注册成功 user_id=1, username=testuser
2026-08-25 17:00:06 | INFO     | services.auth:login_user_service:66 | 用户登录成功 user_id=1, username=testuser
2026-08-25 17:00:06 | INFO     | main:request_log_middleware:65 | POST /auth/register -> 200
2026-08-25 17:00:07 | INFO     | services.auth:login_user_service:66 | 用户登录成功 user_id=1, username=testuser
2026-08-25 17:00:07 | INFO     | main:request_log_middleware:65 | POST /auth/login -> 200
2026-08-25 17:00:07 | WARNING  | services.auth:register_user_service:27 | 注册失败，用户名已占用 username=testuser
2026-08-25 17:00:07 | WARNING  | main:http_exception_handler:72 | HTTP异常: POST /auth/register -> 409 用户名已被占用
2026-08-25 17:00:07 | INFO     | main:request_log_middleware:65 | POST /auth/register -> 409
2026-08-25 17:00:07 | INFO     | services.auth:register_user_service:37 | 新用户注册成功 user_id=1, username=testuser
2026-08-25 17:00:07 | INFO     | services.auth:login_user_service:66 | 用户登录成功 user_id=1, username=testuser
2026-08-25 17:00:07 | INFO     | main:request_log_middleware:65 | POST /auth/register -> 200
2026-08-25 17:00:07 | INFO     | services.auth:login_user_service:66 | 用户登录成功 user_id=1, username=testuser
2026-08-25 17:00:07 | INFO     | main:request_log_middleware:65 | POST /auth/login -> 200
2026-08-25 17:00:08 | INFO     | services.auth:login_user_service:66 | 用户登录成功 user_id=1, username=testuser
2026-08-25 17:00:08 | INFO     | main:request_log_middleware:65 | POST /auth/login -> 200
2026-08-25 17:00:08 | INFO     | services.auth:register_user_service:37 | 新用户注册成功 user_id=1, username=testuser
2026-08-25 17:00:08 | INFO     | services.auth:login_user_service:66 | 用户登录成功 user_id=1, username=testuser
2026-08-25 17:00:08 | INFO     | main:request_log_middleware:65 | POST /auth/register -> 200
2026-08-25 17:00:08 | INFO     | services.auth:login_user_service:66 | 用户登录成功 user_id=1, username=testuser
2026-08-25 17:00:08 | INFO     | main:request_log_middleware:65 | POST /auth/login -> 200
2026-08-25 17:00:09 | WARNING  | services.auth:authenticate_user_service:53 | 登录校验失败，密码错误 username=testuser, user_id=1
2026-08-25 17:00:09 | WARNING  | main:http_exception_handler:72 | HTTP异常: POST /auth/login -> 401 用户名或密码错误
2026-08-25 17:00:09 | INFO     | main:request_log_middleware:65 | POST /auth/login -> 401
2026-08-25 17:00:09 | INFO     | services.auth:register_user_service:37 | 新用户注册成功 user_id=1, username=testuser
2026-08-25 17:00:09 | INFO     | services.auth:login_user_service:66 | 用户登录成功 user_id=1, username=testuser
2026-08-25 17:00:09 | INFO     | main:request_log_middleware:65 | POST /auth/register -> 200
2026-08-25 17:00:09 | INFO     | services.auth:login_user_service:66 | 用户登录成功 user_id=1, username=testuser
2026-08-25 17:00:09 | INFO     | main:request_log_middleware:65 | POST /auth/login -> 200
2026-08-25 17:00:09 | INFO     | services.diaries:create_diary_service:29 | 用户[1] 创建日记成功, diary_id=1
2026-08-25 17:00:09 | INFO     | main:request_log_middleware:65 | POST /diary/ -> 200
2026-08-25 17:00:10 | INFO     | services.auth:register_user_service:37 | 新用户注册成功 user_id=1, username=testuser
2026-08-25 17:00:10 | INFO     | services.auth:login_user_service:66 | 用户登录成功 user_id=1, username=testuser
2026-08-25 17:00:10 | INFO     | main:request_log_middleware:65 | POST /auth/register -> 200
2026-08-25 17:00:10 | INFO     | services.auth:login_user_service:66 | 用户登录成功 user_id=1, username=testuser
2026-08-25 17:00:10 | INFO     | main:request_log_middleware:65 | POST /auth/login -> 200
2026-08-25 17:00:10 | INFO     | services.diaries:create_diary_service:29 | 用户[1] 创建日记成功, diary_id=1
2026-08-25 17:00:10 | INFO     | main:request_log_middleware:65 | POST /diary/ -> 200
2026-08-25 17:00:10 | INFO     | services.diaries:get_diary_detail_service:46 | 用户[1] 查看日记详情 diary_id=1
2026-08-25 17:00:10 | INFO     | main:request_log_middleware:65 | GET /diary/1 -> 200
2026-08-25 17:00:11 | INFO     | services.auth:register_user_service:37 | 新用户注册成功 user_id=1, username=testuser
2026-08-25 17:00:11 | INFO     | services.auth:login_user_service:66 | 用户登录成功 user_id=1, username=testuser
2026-08-25 17:00:11 | INFO     | main:request_log_middleware:65 | POST /auth/register -> 200
2026-08-25 17:00:11 | INFO     | services.auth:login_user_service:66 | 用户登录成功 user_id=1, username=testuser
2026-08-25 17:00:11 | INFO     | main:request_log_middleware:65 | POST /auth/login -> 200
2026-08-25 17:00:11 | INFO     | services.diaries:create_diary_service:29 | 用户[1] 创建日记成功, diary_id=1
2026-08-25 17:00:11 | INFO     | main:request_log_middleware:65 | POST /diary/ -> 200
2026-08-25 17:00:11 | INFO     | services.diaries:create_diary_service:29 | 用户[1] 创建日记成功, diary_id=2
2026-08-25 17:00:11 | INFO     | main:request_log_middleware:65 | POST /diary/ -> 200
2026-08-25 17:00:11 | INFO     | services.diaries:create_diary_service:29 | 用户[1] 创建日记成功, diary_id=3
2026-08-25 17:00:11 | INFO     | main:request_log_middleware:65 | POST /diary/ -> 200
2026-08-25 17:00:11 | INFO     | services.diaries:list_my_diaries_service:57 | 用户[1] 查询自己日记列表 skip=0, limit=100, 数量=3
2026-08-25 17:00:11 | INFO     | main:request_log_middleware:65 | GET /diary/ -> 200
2026-08-25 17:00:11 | INFO     | services.auth:register_user_service:37 | 新用户注册成功 user_id=1, username=testuser
2026-08-25 17:00:12 | INFO     | services.auth:login_user_service:66 | 用户登录成功 user_id=1, username=testuser
2026-08-25 17:00:12 | INFO     | main:request_log_middleware:65 | POST /auth/register -> 200
2026-08-25 17:00:12 | INFO     | services.auth:login_user_service:66 | 用户登录成功 user_id=1, username=testuser
2026-08-25 17:00:12 | INFO     | main:request_log_middleware:65 | POST /auth/login -> 200
2026-08-25 17:00:12 | INFO     | services.diaries:create_diary_service:29 | 用户[1] 创建日记成功, diary_id=1
2026-08-25 17:00:12 | INFO     | main:request_log_middleware:65 | POST /diary/ -> 200
2026-08-25 17:00:12 | INFO     | services.diaries:update_diary_service:83 | 用户[1] 修改日记成功 diary_id=1
2026-08-25 17:00:12 | INFO     | main:request_log_middleware:65 | PUT /diary/1 -> 200
2026-08-25 17:00:12 | INFO     | services.auth:register_user_service:37 | 新用户注册成功 user_id=1, username=testuser
2026-08-25 17:00:12 | INFO     | services.auth:login_user_service:66 | 用户登录成功 user_id=1, username=testuser
2026-08-25 17:00:12 | INFO     | main:request_log_middleware:65 | POST /auth/register -> 200
2026-08-25 17:00:13 | INFO     | services.auth:login_user_service:66 | 用户登录成功 user_id=1, username=testuser
2026-08-25 17:00:13 | INFO     | main:request_log_middleware:65 | POST /auth/login -> 200
2026-08-25 17:00:13 | INFO     | services.diaries:create_diary_service:29 | 用户[1] 创建日记成功, diary_id=1
2026-08-25 17:00:13 | INFO     | main:request_log_middleware:65 | POST /diary/ -> 200
2026-08-25 17:00:13 | INFO     | services.diaries:delete_diary_service:102 | 用户[1] 删除日记成功 diary_id=1
2026-08-25 17:00:13 | INFO     | main:request_log_middleware:65 | DELETE /diary/1 -> 200
2026-08-25 17:00:13 | WARNING  | services.diaries:get_diary_detail_service:40 | 用户[1] 访问不存在的日记 diary_id=1
2026-08-25 17:00:13 | WARNING  | main:http_exception_handler:72 | HTTP异常: GET /diary/1 -> 404 日记不存在
2026-08-25 17:00:13 | INFO     | main:request_log_middleware:65 | GET /diary/1 -> 404
2026-08-25 17:00:13 | WARNING  | main:http_exception_handler:72 | HTTP异常: GET /diary/ -> 401 Not authenticated
2026-08-25 17:00:13 | INFO     | main:request_log_middleware:65 | GET /diary/ -> 401
2026-08-25 17:00:13 | INFO     | services.auth:register_user_service:37 | 新用户注册成功 user_id=1, username=testuser
2026-08-25 17:00:13 | INFO     | services.auth:login_user_service:66 | 用户登录成功 user_id=1, username=testuser
2026-08-25 17:00:13 | INFO     | main:request_log_middleware:65 | POST /auth/register -> 200
2026-08-25 17:00:14 | INFO     | services.auth:login_user_service:66 | 用户登录成功 user_id=1, username=testuser
2026-08-25 17:00:14 | INFO     | main:request_log_middleware:65 | POST /auth/login -> 200
2026-08-25 17:00:14 | INFO     | services.goal:create_goal_services:30 | 用户[1] 创建目标成功 goal_id=1
2026-08-25 17:00:14 | INFO     | main:request_log_middleware:65 | POST /goal/ -> 200
2026-08-25 17:00:14 | INFO     | services.auth:register_user_service:37 | 新用户注册成功 user_id=1, username=testuser
2026-08-25 17:00:14 | INFO     | services.auth:login_user_service:66 | 用户登录成功 user_id=1, username=testuser
2026-08-25 17:00:14 | INFO     | main:request_log_middleware:65 | POST /auth/register -> 200
2026-08-25 17:00:14 | INFO     | services.auth:login_user_service:66 | 用户登录成功 user_id=1, username=testuser
2026-08-25 17:00:14 | INFO     | main:request_log_middleware:65 | POST /auth/login -> 200
2026-08-25 17:00:14 | INFO     | services.goal:create_goal_services:30 | 用户[1] 创建目标成功 goal_id=1
2026-08-25 17:00:14 | INFO     | main:request_log_middleware:65 | POST /goal/ -> 200
2026-08-25 17:00:14 | INFO     | services.goal:get_one_goal_svs:47 | 用户[1] 查看目标详情 goal_id=1
2026-08-25 17:00:14 | INFO     | main:request_log_middleware:65 | GET /goal/1 -> 200
2026-08-25 17:00:15 | INFO     | services.auth:register_user_service:37 | 新用户注册成功 user_id=1, username=testuser
2026-08-25 17:00:15 | INFO     | services.auth:login_user_service:66 | 用户登录成功 user_id=1, username=testuser
2026-08-25 17:00:15 | INFO     | main:request_log_middleware:65 | POST /auth/register -> 200
2026-08-25 17:00:15 | INFO     | services.auth:login_user_service:66 | 用户登录成功 user_id=1, username=testuser
2026-08-25 17:00:15 | INFO     | main:request_log_middleware:65 | POST /auth/login -> 200
2026-08-25 17:00:15 | INFO     | services.goal:create_goal_services:30 | 用户[1] 创建目标成功 goal_id=1
2026-08-25 17:00:15 | INFO     | main:request_log_middleware:65 | POST /goal/ -> 200
2026-08-25 17:00:15 | INFO     | services.goal:create_goal_services:30 | 用户[1] 创建目标成功 goal_id=2
2026-08-25 17:00:15 | INFO     | main:request_log_middleware:65 | POST /goal/ -> 200
2026-08-25 17:00:15 | INFO     | services.goal:create_goal_services:30 | 用户[1] 创建目标成功 goal_id=3
2026-08-25 17:00:15 | INFO     | main:request_log_middleware:65 | POST /goal/ -> 200
2026-08-25 17:00:15 | INFO     | services.goal:get_all_goal_svs:58 | 用户[1] 查询目标列表 skip=0, limit=100, 数量=3
2026-08-25 17:00:15 | INFO     | main:request_log_middleware:65 | GET /goal/ -> 200
2026-08-25 17:00:15 | INFO     | services.auth:register_user_service:37 | 新用户注册成功 user_id=1, username=testuser
2026-08-25 17:00:16 | INFO     | services.auth:login_user_service:66 | 用户登录成功 user_id=1, username=testuser
2026-08-25 17:00:16 | INFO     | main:request_log_middleware:65 | POST /auth/register -> 200
2026-08-25 17:00:16 | INFO     | services.auth:login_user_service:66 | 用户登录成功 user_id=1, username=testuser
2026-08-25 17:00:16 | INFO     | main:request_log_middleware:65 | POST /auth/login -> 200
2026-08-25 17:00:16 | INFO     | services.goal:create_goal_services:30 | 用户[1] 创建目标成功 goal_id=1
2026-08-25 17:00:16 | INFO     | main:request_log_middleware:65 | POST /goal/ -> 200
2026-08-25 17:00:16 | INFO     | services.goal:update_goal_svs:83 | 用户[1] 更新目标成功 goal_id=1
2026-08-25 17:00:16 | INFO     | main:request_log_middleware:65 | PUT /goal/1 -> 200
2026-08-25 17:00:16 | INFO     | services.auth:register_user_service:37 | 新用户注册成功 user_id=1, username=testuser
2026-08-25 17:00:17 | INFO     | services.auth:login_user_service:66 | 用户登录成功 user_id=1, username=testuser
2026-08-25 17:00:17 | INFO     | main:request_log_middleware:65 | POST /auth/register -> 200
2026-08-25 17:00:17 | INFO     | services.auth:login_user_service:66 | 用户登录成功 user_id=1, username=testuser
2026-08-25 17:00:17 | INFO     | main:request_log_middleware:65 | POST /auth/login -> 200
2026-08-25 17:00:17 | INFO     | services.goal:create_goal_services:30 | 用户[1] 创建目标成功 goal_id=1
2026-08-25 17:00:17 | INFO     | main:request_log_middleware:65 | POST /goal/ -> 200
2026-08-25 17:00:17 | INFO     | services.goal:delete_goal_svs:100 | 用户[1] 删除目标成功 goal_id=1
2026-08-25 17:00:17 | INFO     | main:request_log_middleware:65 | DELETE /goal/1 -> 200
2026-08-25 17:00:17 | WARNING  | services.goal:get_one_goal_svs:41 | 用户[1] 访问不存在的目标 goal_id=1
2026-08-25 17:00:17 | WARNING  | main:http_exception_handler:72 | HTTP异常: GET /goal/1 -> 404 数据不存在
2026-08-25 17:00:17 | INFO     | main:request_log_middleware:65 | GET /goal/1 -> 404
2026-09-07 15:19:18 | INFO     | services.auth:register_user_service:37 | 新用户注册成功 user_id=1, username=newuser
2026-09-07 15:19:18 | INFO     | services.auth:login_user_service:66 | 用户登录成功 user_id=1, username=newuser
2026-09-07 15:19:18 | INFO     | main:request_log_middleware:70 | POST /auth/register -> 200
2026-09-07 15:19:18 | INFO     | services.auth:register_user_service:37 | 新用户注册成功 user_id=1, username=testuser
2026-09-07 15:19:19 | INFO     | services.auth:login_user_service:66 | 用户登录成功 user_id=1, username=testuser
2026-09-07 15:19:19 | INFO     | main:request_log_middleware:70 | POST /auth/register -> 200
2026-09-07 15:19:19 | INFO     | services.auth:login_user_service:66 | 用户登录成功 user_id=1, username=testuser
2026-09-07 15:19:19 | INFO     | main:request_log_middleware:70 | POST /auth/login -> 200
2026-09-07 15:19:19 | WARNING  | services.auth:register_user_service:27 | 注册失败，用户名已占用 username=testuser
2026-09-07 15:19:19 | WARNING  | main:http_exception_handler:77 | HTTP异常: POST /auth/register -> 409 用户名已被占用
2026-09-07 15:19:19 | INFO     | main:request_log_middleware:70 | POST /auth/register -> 409
2026-09-07 15:19:19 | INFO     | services.auth:register_user_service:37 | 新用户注册成功 user_id=1, username=testuser
2026-09-07 15:19:20 | INFO     | services.auth:login_user_service:66 | 用户登录成功 user_id=1, username=testuser
2026-09-07 15:19:20 | INFO     | main:request_log_middleware:70 | POST /auth/register -> 200
2026-09-07 15:19:20 | INFO     | services.auth:login_user_service:66 | 用户登录成功 user_id=1, username=testuser
2026-09-07 15:19:20 | INFO     | main:request_log_middleware:70 | POST /auth/login -> 200
2026-09-07 15:19:20 | INFO     | services.auth:login_user_service:66 | 用户登录成功 user_id=1, username=testuser
2026-09-07 15:19:20 | INFO     | main:request_log_middleware:70 | POST /auth/login -> 200
2026-09-07 15:19:21 | INFO     | services.auth:register_user_service:37 | 新用户注册成功 user_id=1, username=testuser
2026-09-07 15:19:21 | INFO     | services.auth:login_user_service:66 | 用户登录成功 user_id=1, username=testuser
2026-09-07 15:19:21 | INFO     | main:request_log_middleware:70 | POST /auth/register -> 200
2026-09-07 15:19:21 | INFO     | services.auth:login_user_service:66 | 用户登录成功 user_id=1, username=testuser
2026-09-07 15:19:21 | INFO     | main:request_log_middleware:70 | POST /auth/login -> 200
2026-09-07 15:19:22 | WARNING  | services.auth:authenticate_user_service:53 | 登录校验失败，密码错误 username=testuser, user_id=1
2026-09-07 15:19:22 | WARNING  | main:http_exception_handler:77 | HTTP异常: POST /auth/login -> 401 用户名或密码错误
2026-09-07 15:19:22 | INFO     | main:request_log_middleware:70 | POST /auth/login -> 401
2026-09-07 15:19:22 | INFO     | services.auth:register_user_service:37 | 新用户注册成功 user_id=1, username=testuser
2026-09-07 15:19:23 | INFO     | services.auth:login_user_service:66 | 用户登录成功 user_id=1, username=testuser
2026-09-07 15:19:23 | INFO     | main:request_log_middleware:70 | POST /auth/register -> 200
2026-09-07 15:19:23 | INFO     | services.auth:login_user_service:66 | 用户登录成功 user_id=1, username=testuser
2026-09-07 15:19:23 | INFO     | main:request_log_middleware:70 | POST /auth/login -> 200
2026-09-07 15:19:23 | INFO     | services.diaries:create_diary_service:29 | 用户[1] 创建日记成功, diary_id=1
2026-09-07 15:19:23 | INFO     | main:request_log_middleware:70 | POST /diary/ -> 200
2026-09-07 15:19:23 | INFO     | services.auth:register_user_service:37 | 新用户注册成功 user_id=1, username=testuser
2026-09-07 15:19:23 | INFO     | services.auth:login_user_service:66 | 用户登录成功 user_id=1, username=testuser
2026-09-07 15:19:23 | INFO     | main:request_log_middleware:70 | POST /auth/register -> 200
2026-09-07 15:19:24 | INFO     | services.auth:login_user_service:66 | 用户登录成功 user_id=1, username=testuser
2026-09-07 15:19:24 | INFO     | main:request_log_middleware:70 | POST /auth/login -> 200
2026-09-07 15:19:24 | INFO     | services.diaries:create_diary_service:29 | 用户[1] 创建日记成功, diary_id=1
2026-09-07 15:19:24 | INFO     | main:request_log_middleware:70 | POST /diary/ -> 200
2026-09-07 15:19:24 | INFO     | services.diaries:get_diary_detail_service:46 | 用户[1] 查看日记详情 diary_id=1
2026-09-07 15:19:24 | INFO     | main:request_log_middleware:70 | GET /diary/1 -> 200
2026-09-07 15:19:24 | INFO     | services.auth:register_user_service:37 | 新用户注册成功 user_id=1, username=testuser
2026-09-07 15:19:24 | INFO     | services.auth:login_user_service:66 | 用户登录成功 user_id=1, username=testuser
2026-09-07 15:19:24 | INFO     | main:request_log_middleware:70 | POST /auth/register -> 200
2026-09-07 15:19:25 | INFO     | services.auth:login_user_service:66 | 用户登录成功 user_id=1, username=testuser
2026-09-07 15:19:25 | INFO     | main:request_log_middleware:70 | POST /auth/login -> 200
2026-09-07 15:19:25 | INFO     | services.diaries:create_diary_service:29 | 用户[1] 创建日记成功, diary_id=1
2026-09-07 15:19:25 | INFO     | main:request_log_middleware:70 | POST /diary/ -> 200
2026-09-07 15:19:25 | INFO     | services.diaries:create_diary_service:29 | 用户[1] 创建日记成功, diary_id=2
2026-09-07 15:19:25 | INFO     | main:request_log_middleware:70 | POST /diary/ -> 200
2026-09-07 15:19:25 | INFO     | services.diaries:create_diary_service:29 | 用户[1] 创建日记成功, diary_id=3
2026-09-07 15:19:25 | INFO     | main:request_log_middleware:70 | POST /diary/ -> 200
2026-09-07 15:19:25 | INFO     | services.diaries:list_my_diaries_service:57 | 用户[1] 查询自己日记列表 skip=0, limit=100, 数量=3
2026-09-07 15:19:25 | INFO     | main:request_log_middleware:70 | GET /diary/ -> 200
2026-09-07 15:19:25 | INFO     | services.auth:register_user_service:37 | 新用户注册成功 user_id=1, username=testuser
2026-09-07 15:19:25 | INFO     | services.auth:login_user_service:66 | 用户登录成功 user_id=1, username=testuser
2026-09-07 15:19:25 | INFO     | main:request_log_middleware:70 | POST /auth/register -> 200
2026-09-07 15:19:26 | INFO     | services.auth:login_user_service:66 | 用户登录成功 user_id=1, username=testuser
2026-09-07 15:19:26 | INFO     | main:request_log_middleware:70 | POST /auth/login -> 200
2026-09-07 15:19:26 | INFO     | services.diaries:create_diary_service:29 | 用户[1] 创建日记成功, diary_id=1
2026-09-07 15:19:26 | INFO     | main:request_log_middleware:70 | POST /diary/ -> 200
2026-09-07 15:19:26 | INFO     | services.diaries:update_diary_service:83 | 用户[1] 修改日记成功 diary_id=1
2026-09-07 15:19:26 | INFO     | main:request_log_middleware:70 | PUT /diary/1 -> 200
2026-09-07 15:19:26 | INFO     | services.auth:register_user_service:37 | 新用户注册成功 user_id=1, username=testuser
2026-09-07 15:19:26 | INFO     | services.auth:login_user_service:66 | 用户登录成功 user_id=1, username=testuser
2026-09-07 15:19:26 | INFO     | main:request_log_middleware:70 | POST /auth/register -> 200
2026-09-07 15:19:26 | INFO     | services.auth:login_user_service:66 | 用户登录成功 user_id=1, username=testuser
2026-09-07 15:19:26 | INFO     | main:request_log_middleware:70 | POST /auth/login -> 200
2026-09-07 15:19:27 | INFO     | services.diaries:create_diary_service:29 | 用户[1] 创建日记成功, diary_id=1
2026-09-07 15:19:27 | INFO     | main:request_log_middleware:70 | POST /diary/ -> 200
2026-09-07 15:19:27 | INFO     | services.diaries:delete_diary_service:102 | 用户[1] 删除日记成功 diary_id=1
2026-09-07 15:19:27 | INFO     | main:request_log_middleware:70 | DELETE /diary/1 -> 200
2026-09-07 15:19:27 | WARNING  | services.diaries:get_diary_detail_service:40 | 用户[1] 访问不存在的日记 diary_id=1
2026-09-07 15:19:27 | WARNING  | main:http_exception_handler:77 | HTTP异常: GET /diary/1 -> 404 日记不存在
2026-09-07 15:19:27 | INFO     | main:request_log_middleware:70 | GET /diary/1 -> 404
2026-09-07 15:19:27 | WARNING  | main:http_exception_handler:77 | HTTP异常: GET /diary/ -> 401 Not authenticated
2026-09-07 15:19:27 | INFO     | main:request_log_middleware:70 | GET /diary/ -> 401
2026-09-07 15:19:27 | INFO     | services.auth:register_user_service:37 | 新用户注册成功 user_id=1, username=testuser
2026-09-07 15:19:27 | INFO     | services.auth:login_user_service:66 | 用户登录成功 user_id=1, username=testuser
2026-09-07 15:19:27 | INFO     | main:request_log_middleware:70 | POST /auth/register -> 200
2026-09-07 15:19:27 | INFO     | services.auth:login_user_service:66 | 用户登录成功 user_id=1, username=testuser
2026-09-07 15:19:27 | INFO     | main:request_log_middleware:70 | POST /auth/login -> 200
2026-09-07 15:19:27 | INFO     | services.goal:create_goal_services:30 | 用户[1] 创建目标成功 goal_id=1
2026-09-07 15:19:27 | INFO     | main:request_log_middleware:70 | POST /goal/ -> 200
2026-09-07 15:19:28 | INFO     | services.auth:register_user_service:37 | 新用户注册成功 user_id=1, username=testuser
2026-09-07 15:19:28 | INFO     | services.auth:login_user_service:66 | 用户登录成功 user_id=1, username=testuser
2026-09-07 15:19:28 | INFO     | main:request_log_middleware:70 | POST /auth/register -> 200
2026-09-07 15:19:28 | INFO     | services.auth:login_user_service:66 | 用户登录成功 user_id=1, username=testuser
2026-09-07 15:19:28 | INFO     | main:request_log_middleware:70 | POST /auth/login -> 200
2026-09-07 15:19:28 | INFO     | services.goal:create_goal_services:30 | 用户[1] 创建目标成功 goal_id=1
2026-09-07 15:19:28 | INFO     | main:request_log_middleware:70 | POST /goal/ -> 200
2026-09-07 15:19:28 | INFO     | services.goal:get_one_goal_svs:47 | 用户[1] 查看目标详情 goal_id=1
2026-09-07 15:19:28 | INFO     | main:request_log_middleware:70 | GET /goal/1 -> 200
2026-09-07 15:19:29 | INFO     | services.auth:register_user_service:37 | 新用户注册成功 user_id=1, username=testuser
2026-09-07 15:19:29 | INFO     | services.auth:login_user_service:66 | 用户登录成功 user_id=1, username=testuser
2026-09-07 15:19:29 | INFO     | main:request_log_middleware:70 | POST /auth/register -> 200
2026-09-07 15:19:29 | INFO     | services.auth:login_user_service:66 | 用户登录成功 user_id=1, username=testuser
2026-09-07 15:19:29 | INFO     | main:request_log_middleware:70 | POST /auth/login -> 200
2026-09-07 15:19:29 | INFO     | services.goal:create_goal_services:30 | 用户[1] 创建目标成功 goal_id=1
2026-09-07 15:19:29 | INFO     | main:request_log_middleware:70 | POST /goal/ -> 200
2026-09-07 15:19:29 | INFO     | services.goal:create_goal_services:30 | 用户[1] 创建目标成功 goal_id=2
2026-09-07 15:19:29 | INFO     | main:request_log_middleware:70 | POST /goal/ -> 200
2026-09-07 15:19:29 | INFO     | services.goal:create_goal_services:30 | 用户[1] 创建目标成功 goal_id=3
2026-09-07 15:19:29 | INFO     | main:request_log_middleware:70 | POST /goal/ -> 200
2026-09-07 15:19:29 | INFO     | services.goal:get_all_goal_svs:58 | 用户[1] 查询目标列表 skip=0, limit=100, 数量=3
2026-09-07 15:19:29 | INFO     | main:request_log_middleware:70 | GET /goal/ -> 200
2026-09-07 15:19:30 | INFO     | services.auth:register_user_service:37 | 新用户注册成功 user_id=1, username=testuser
2026-09-07 15:19:30 | INFO     | services.auth:login_user_service:66 | 用户登录成功 user_id=1, username=testuser
2026-09-07 15:19:30 | INFO     | main:request_log_middleware:70 | POST /auth/register -> 200
2026-09-07 15:19:30 | INFO     | services.auth:login_user_service:66 | 用户登录成功 user_id=1, username=testuser
2026-09-07 15:19:30 | INFO     | main:request_log_middleware:70 | POST /auth/login -> 200
2026-09-07 15:19:30 | INFO     | services.goal:create_goal_services:30 | 用户[1] 创建目标成功 goal_id=1
2026-09-07 15:19:30 | INFO     | main:request_log_middleware:70 | POST /goal/ -> 200
2026-09-07 15:19:30 | INFO     | services.goal:update_goal_svs:83 | 用户[1] 更新目标成功 goal_id=1
2026-09-07 15:19:30 | INFO     | main:request_log_middleware:70 | PUT /goal/1 -> 200
2026-09-07 15:19:31 | INFO     | services.auth:register_user_service:37 | 新用户注册成功 user_id=1, username=testuser
2026-09-07 15:19:31 | INFO     | services.auth:login_user_service:66 | 用户登录成功 user_id=1, username=testuser
2026-09-07 15:19:31 | INFO     | main:request_log_middleware:70 | POST /auth/register -> 200
2026-09-07 15:19:31 | INFO     | services.auth:login_user_service:66 | 用户登录成功 user_id=1, username=testuser
2026-09-07 15:19:31 | INFO     | main:request_log_middleware:70 | POST /auth/login -> 200
2026-09-07 15:19:31 | INFO     | services.goal:create_goal_services:30 | 用户[1] 创建目标成功 goal_id=1
2026-09-07 15:19:31 | INFO     | main:request_log_middleware:70 | POST /goal/ -> 200
2026-09-07 15:19:31 | INFO     | services.goal:delete_goal_svs:100 | 用户[1] 删除目标成功 goal_id=1
2026-09-07 15:19:31 | INFO     | main:request_log_middleware:70 | DELETE /goal/1 -> 200
2026-09-07 15:19:31 | WARNING  | services.goal:get_one_goal_svs:41 | 用户[1] 访问不存在的目标 goal_id=1
2026-09-07 15:19:31 | WARNING  | main:http_exception_handler:77 | HTTP异常: GET /goal/1 -> 404 数据不存在
2026-09-07 15:19:31 | INFO     | main:request_log_middleware:70 | GET /goal/1 -> 404
